Workbook

Sheet C++ viti III
A1: 1 | B1: 2 | C1: 3 | D1: 3 | E1: 3 | F1: 6 | G1: 7 | H1: 8 | I1: 9 | J1: 10 | K1: 11 | L1: 12 | M1: 13 | N1: 14 | O1: 15 | P1: 16
A2: Nr | B2: Tema | C2: Detyra Shtepie | D2: Fq Ditari | E2: Situata e të nxënit: | F2: Metodologjia dhe veprimtaritë e nxënësve: | G2: Vlerësimi: | H2: Burimet: | I2: Rezultatet e të nxënit sipas kompetencave kyç: | J2: Fjalët kyç: | K2: Lidhja me fusha të tjera ose me temat ndërkurrikulare: | L2: Nr | M2: Tema | N2: Organizimi i orës së mësimit: | O2: Detyre shtepie: | P2: Kompetencat që përfitojnë: | Q2: Java
A3: 1 | B3: Lenda1 Tema1 | C3: Detyre shtepie 1 | D3: faqe 1 | E3: Situata 1 | F3: Metodologjia 1 | G3: Vleresimi 1 | H3: Burimi 1 | I3: Rezultati 1 | J3: Fjale Kyce 1 | K3: Lidhja me fushat e tjera 1 | L3: =A3 -> 1 | M3: =B3 -> Lenda1 Tema1 | N3: Organizimi 1 | O3: Detyre shtepie 1: | P3: Kompetenca 1 | Q3: 1
A4: 2 | B4: Lenda1 Tema2 | C4: Detyre shtepie 2 | D4: faqe 2 | E4: Situata 2 | F4: Metodologjia 2 | G4: Vleresimi 2 | H4: Burimi 2 | I4: Rezultati 2 | J4: Fjale Kyce 2 | K4: Lidhja me fushat e tjera 2 | L4: =A4 -> 2 | M4: =B4 -> Lenda1 Tema2 | N4: Organizimi 2 | O4: Detyre shtepie 1: | P4: Kompetenca 2
A5: 3 | B5: Lenda1 Tema3 | C5: Detyre shtepie 3 | D5: faqe 3 | E5: Situata 3 | F5: Metodologjia 3 | G5: Vleresimi 3 | H5: Burimi 3 | I5: Rezultati 3 | J5: Fjale Kyce 3 | K5: Lidhja me fushat e tjera 3 | L5: =A5 -> 3 | M5: =B5 -> Lenda1 Tema3 | N5: Organizimi 3 | O5: Detyre shtepie 1: | P5: Kompetenca 3
A6: 4 | B6: Lenda1 Tema4 | C6: Detyre shtepie 4 | D6: faqe 4 | E6: Situata 4 | F6: Metodologjia 4 | G6: Vleresimi 4 | H6: Burimi 4 | I6: Rezultati 4 | J6: Fjale Kyce 4 | K6: Lidhja me fushat e tjera 4 | L6: =A6 -> 4 | M6: =B6 -> Lenda1 Tema4 | N6: Organizimi 4 | O6: Detyre shtepie 1: | P6: Kompetenca 4 | Q6: 2
A7: 5 | B7: Lenda1 Tema5 | C7: Detyre shtepie 5 | D7: faqe 5 | E7: Situata 5 | F7: Metodologjia 5 | G7: Vleresimi 5 | H7: Burimi 5 | I7: Rezultati 5 | J7: Fjale Kyce 5 | K7: Lidhja me fushat e tjera 5 | L7: =A7 -> 5 | M7: =B7 -> Lenda1 Tema5 | N7: Organizimi 5 | O7: Detyre shtepie 1: | P7: Kompetenca 5
A8: 6 | B8: Lenda1 Tema6 | C8: Detyre shtepie 6 | D8: faqe 6 | E8: Situata 6 | F8: Metodologjia 6 | G8: Vleresimi 6 | H8: Burimi 6 | I8: Rezultati 6 | J8: Fjale Kyce 6 | K8: Lidhja me fushat e tjera 6 | L8: =A8 -> 6 | M8: =B8 -> Lenda1 Tema6 | N8: Organizimi 6 | O8: Detyre shtepie 1: | P8: Kompetenca 6
A9: 7 | B9: Lenda1 Tema7 | C9: Detyre shtepie 7 | D9: faqe 7 | E9: Situata 7 | F9: Metodologjia 7 | G9: Vleresimi 7 | H9: Burimi 7 | I9: Rezultati 7 | J9: Fjale Kyce 7 | K9: Lidhja me fushat e tjera 7 | L9: =A9 -> 7 | M9: =B9 -> Lenda1 Tema7 | N9: Organizimi 7 | O9: Detyre shtepie 1: | P9: Kompetenca 7 | Q9: 3
A10: 8 | B10: Lenda1 Tema8 | C10: Detyre shtepie 8 | D10: faqe 8 | E10: Situata 8 | F10: Metodologjia 8 | G10: Vleresimi 8 | H10: Burimi 8 | I10: Rezultati 8 | J10: Fjale Kyce 8 | K10: Lidhja me fushat e tjera 8 | L10: =A10 -> 8 | M10: =B10 -> Lenda1 Tema8 | N10: Organizimi 8 | O10: Detyre shtepie 1: | P10: Kompetenca 8
A11: 9 | B11: Lenda1 Tema9 | C11: Detyre shtepie 9 | D11: faqe 9 | E11: Situata 9 | F11: Metodologjia 9 | G11: Vleresimi 9 | H11: Burimi 9 | I11: Rezultati 9 | J11: Fjale Kyce 9 | K11: Lidhja me fushat e tjera 9 | L11: =A11 -> 9 | M11: =B11 -> Lenda1 Tema9 | N11: Organizimi 9 | O11: Detyre shtepie 1: | P11: Kompetenca 9
A12: 10 | B12: Lenda1 Tema10 | C12: Detyre shtepie 10 | D12: faqe 10 | E12: Situata 10 | F12: Metodologjia 10 | G12: Vleresimi 10 | H12: Burimi 10 | I12: Rezultati 10 | J12: Fjale Kyce 10 | K12: Lidhja me fushat e tjera 10 | L12: =A12 -> 10 | M12: =B12 -> Lenda1 Tema10 | N12: Organizimi 10 | O12: Detyre shtepie 1: | P12: Kompetenca 10 | Q12: 4
A13: 11 | B13: Lenda1 Tema11 | C13: Detyre shtepie 11 | D13: faqe 11 | E13: Situata 11 | F13: Metodologjia 11 | G13: Vleresimi 11 | H13: Burimi 11 | I13: Rezultati 11 | J13: Fjale Kyce 11 | K13: Lidhja me fushat e tjera 11 | L13: =A13 -> 11 | M13: =B13 -> Lenda1 Tema11 | N13: Organizimi 11 | O13: Detyre shtepie 1: | P13: Kompetenca 11
A14: 12 | B14: Lenda1 Tema12 | C14: Detyre shtepie 12 | D14: faqe 12 | E14: Situata 12 | F14: Metodologjia 12 | G14: Vleresimi 12 | H14: Burimi 12 | I14: Rezultati 12 | J14: Fjale Kyce 12 | K14: Lidhja me fushat e tjera 12 | L14: =A14 -> 12 | M14: =B14 -> Lenda1 Tema12 | N14: Organizimi 12 | O14: Detyre shtepie 1: | P14: Kompetenca 12
A15: 13 | B15: Lenda1 Tema13 | C15: Detyre shtepie 13 | D15: faqe 13 | E15: Situata 13 | F15: Metodologjia 13 | G15: Vleresimi 13 | H15: Burimi 13 | I15: Rezultati 13 | J15: Fjale Kyce 13 | K15: Lidhja me fushat e tjera 13 | L15: =A15 -> 13 | M15: =B15 -> Lenda1 Tema13 | N15: Organizimi 13 | O15: Detyre shtepie 1: | P15: Kompetenca 13 | Q15: 5
A16: 14 | B16: Lenda1 Tema14 | C16: Detyre shtepie 14 | D16: faqe 14 | E16: Situata 14 | F16: Metodologjia 14 | G16: Vleresimi 14 | H16: Burimi 14 | I16: Rezultati 14 | J16: Fjale Kyce 14 | K16: Lidhja me fushat e tjera 14 | L16: =A16 -> 14 | M16: =B16 -> Lenda1 Tema14 | N16: Organizimi 14 | O16: Detyre shtepie 1: | P16: Kompetenca 14
A17: 15 | B17: Lenda1 Tema15 | C17: Detyre shtepie 15 | D17: faqe 15 | E17: Situata 15 | F17: Metodologjia 15 | G17: Vleresimi 15 | H17: Burimi 15 | I17: Rezultati 15 | J17: Fjale Kyce 15 | K17: Lidhja me fushat e tjera 15 | L17: =A17 -> 15 | M17: =B17 -> Lenda1 Tema15 | N17: Organizimi 15 | O17: Detyre shtepie 1: | P17: Kompetenca 15
A18: 16 | B18: Lenda1 Tema16 | C18: Detyre shtepie 16 | D18: faqe 16 | E18: Situata 16 | F18: Metodologjia 16 | G18: Vleresimi 16 | H18: Burimi 16 | I18: Rezultati 16 | J18: Fjale Kyce 16 | K18: Lidhja me fushat e tjera 16 | L18: =A18 -> 16 | M18: =B18 -> Lenda1 Tema16 | N18: Organizimi 16 | O18: Detyre shtepie 1: | P18: Kompetenca 16 | Q18: 6
A19: 17 | B19: Lenda1 Tema17 | C19: Detyre shtepie 17 | D19: faqe 17 | E19: Situata 17 | F19: Metodologjia 17 | G19: Vleresimi 17 | H19: Burimi 17 | I19: Rezultati 17 | J19: Fjale Kyce 17 | K19: Lidhja me fushat e tjera 17 | L19: =A19 -> 17 | M19: =B19 -> Lenda1 Tema17 | N19: Organizimi 17 | O19: Detyre shtepie 1: | P19: Kompetenca 17
A20: 18 | B20: Lenda1 Tema18 | C20: Detyre shtepie 18 | D20: faqe 18 | E20: Situata 18 | F20: Metodologjia 18 | G20: Vleresimi 18 | H20: Burimi 18 | I20: Rezultati 18 | J20: Fjale Kyce 18 | K20: Lidhja me fushat e tjera 18 | L20: =A20 -> 18 | M20: =B20 -> Lenda1 Tema18 | N20: Organizimi 18 | O20: Detyre shtepie 1: | P20: Kompetenca 18
A21: 19 | B21: Lenda1 Tema19 | C21: Detyre shtepie 19 | D21: faqe 19 | E21: Situata 19 | F21: Metodologjia 19 | G21: Vleresimi 19 | H21: Burimi 19 | I21: Rezultati 19 | J21: Fjale Kyce 19 | K21: Lidhja me fushat e tjera 19 | L21: =A21 -> 19 | M21: =B21 -> Lenda1 Tema19 | N21: Organizimi 19 | O21: Detyre shtepie 1: | P21: Kompetenca 19 | Q21: 7
A22: 20 | B22: Lenda1 Tema20 | C22: Detyre shtepie 20 | D22: faqe 20 | E22: Situata 20 | F22: Metodologjia 20 | G22: Vleresimi 20 | H22: Burimi 20 | I22: Rezultati 20 | J22: Fjale Kyce 20 | K22: Lidhja me fushat e tjera 20 | L22: =A22 -> 20 | M22: =B22 -> Lenda1 Tema20 | N22: Organizimi 20 | O22: Detyre shtepie 1: | P22: Kompetenca 20
A23: 21 | B23: Lenda1 Tema21 | C23: Detyre shtepie 21 | D23: faqe 21 | E23: Situata 21 | F23: Metodologjia 21 | G23: Vleresimi 21 | H23: Burimi 21 | I23: Rezultati 21 | J23: Fjale Kyce 21 | K23: Lidhja me fushat e tjera 21 | L23: =A23 -> 21 | M23: =B23 -> Lenda1 Tema21 | N23: Organizimi 21 | O23: Detyre shtepie 1: | P23: Kompetenca 21
A24: 22 | B24: Lenda1 Tema22 | C24: Detyre shtepie 22 | D24: faqe 22 | E24: Situata 22 | F24: Metodologjia 22 | G24: Vleresimi 22 | H24: Burimi 22 | I24: Rezultati 22 | J24: Fjale Kyce 22 | K24: Lidhja me fushat e tjera 22 | L24: =A24 -> 22 | M24: =B24 -> Lenda1 Tema22 | N24: Organizimi 22 | O24: Detyre shtepie 1: | P24: Kompetenca 22 | Q24: 8
A25: 23 | B25: Lenda1 Tema23 | C25: Detyre shtepie 23 | D25: faqe 23 | E25: Situata 23 | F25: Metodologjia 23 | G25: Vleresimi 23 | H25: Burimi 23 | I25: Rezultati 23 | J25: Fjale Kyce 23 | K25: Lidhja me fushat e tjera 23 | L25: =A25 -> 23 | M25: =B25 -> Lenda1 Tema23 | N25: Organizimi 23 | O25: Detyre shtepie 1: | P25: Kompetenca 23
A26: 24 | B26: Lenda1 Tema24 | C26: Detyre shtepie 24 | D26: faqe 24 | E26: Situata 24 | F26: Metodologjia 24 | G26: Vleresimi 24 | H26: Burimi 24 | I26: Rezultati 24 | J26: Fjale Kyce 24 | K26: Lidhja me fushat e tjera 24 | L26: =A26 -> 24 | M26: =B26 -> Lenda1 Tema24 | N26: Organizimi 24 | O26: Detyre shtepie 1: | P26: Kompetenca 24
A27: 25 | B27: Lenda1 Tema25 | C27: Detyre shtepie 25 | D27: faqe 25 | E27: Situata 25 | F27: Metodologjia 25 | G27: Vleresimi 25 | H27: Burimi 25 | I27: Rezultati 25 | J27: Fjale Kyce 25 | K27: Lidhja me fushat e tjera 25 | L27: =A27 -> 25 | M27: =B27 -> Lenda1 Tema25 | N27: Organizimi 25 | O27: Detyre shtepie 1: | P27: Kompetenca 25 | Q27: 9
A28: 26 | B28: Lenda1 Tema26 | C28: Detyre shtepie 26 | D28: faqe 26 | E28: Situata 26 | F28: Metodologjia 26 | G28: Vleresimi 26 | H28: Burimi 26 | I28: Rezultati 26 | J28: Fjale Kyce 26 | K28: Lidhja me fushat e tjera 26 | L28: =A28 -> 26 | M28: =B28 -> Lenda1 Tema26 | N28: Organizimi 26 | O28: Detyre shtepie 1: | P28: Kompetenca 26
A29: 27 | B29: Lenda1 Tema27 | C29: Detyre shtepie 27 | D29: faqe 27 | E29: Situata 27 | F29: Metodologjia 27 | G29: Vleresimi 27 | H29: Burimi 27 | I29: Rezultati 27 | J29: Fjale Kyce 27 | K29: Lidhja me fushat e tjera 27 | L29: =A29 -> 27 | M29: =B29 -> Lenda1 Tema27 | N29: Organizimi 27 | O29: Detyre shtepie 1: | P29: Kompetenca 27
A30: 28 | B30: Lenda1 Tema28 | C30: Detyre shtepie 28 | D30: faqe 28 | E30: Situata 28 | F30: Metodologjia 28 | G30: Vleresimi 28 | H30: Burimi 28 | I30: Rezultati 28 | J30: Fjale Kyce 28 | K30: Lidhja me fushat e tjera 28 | L30: =A30 -> 28 | M30: =B30 -> Lenda1 Tema28 | N30: Organizimi 28 | O30: Detyre shtepie 1: | P30: Kompetenca 28 | Q30: 10
A31: 29 | B31: Lenda1 Tema29 | C31: Detyre shtepie 29 | D31: faqe 29 | E31: Situata 29 | F31: Metodologjia 29 | G31: Vleresimi 29 | H31: Burimi 29 | I31: Rezultati 29 | J31: Fjale Kyce 29 | K31: Lidhja me fushat e tjera 29 | L31: =A31 -> 29 | M31: =B31 -> Lenda1 Tema29 | N31: Organizimi 29 | O31: Detyre shtepie 1: | P31: Kompetenca 29
A32: 30 | B32: Lenda1 Tema30 | C32: Detyre shtepie 30 | D32: faqe 30 | E32: Situata 30 | F32: Metodologjia 30 | G32: Vleresimi 30 | H32: Burimi 30 | I32: Rezultati 30 | J32: Fjale Kyce 30 | K32: Lidhja me fushat e tjera 30 | L32: =A32 -> 30 | M32: =B32 -> Lenda1 Tema30 | N32: Organizimi 30 | O32: Detyre shtepie 1: | P32: Kompetenca 30
A33: 31 | B33: Lenda1 Tema31 | C33: Detyre shtepie 31 | D33: faqe 31 | E33: Situata 31 | F33: Metodologjia 31 | G33: Vleresimi 31 | H33: Burimi 31 | I33: Rezultati 31 | J33: Fjale Kyce 31 | K33: Lidhja me fushat e tjera 31 | L33: =A33 -> 31 | M33: =B33 -> Lenda1 Tema31 | N33: Organizimi 31 | O33: Detyre shtepie 1: | P33: Kompetenca 31 | Q33: 11
A34: 32 | B34: Lenda1 Tema32 | C34: Detyre shtepie 32 | D34: faqe 32 | E34: Situata 32 | F34: Metodologjia 32 | G34: Vleresimi 32 | H34: Burimi 32 | I34: Rezultati 32 | J34: Fjale Kyce 32 | K34: Lidhja me fushat e tjera 32 | L34: =A34 -> 32 | M34: =B34 -> Lenda1 Tema32 | N34: Organizimi 32 | O34: Detyre shtepie 1: | P34: Kompetenca 32
A35: 33 | B35: Lenda1 Tema33 | C35: Detyre shtepie 33 | D35: faqe 33 | E35: Situata 33 | F35: Metodologjia 33 | G35: Vleresimi 33 | H35: Burimi 33 | I35: Rezultati 33 | J35: Fjale Kyce 33 | K35: Lidhja me fushat e tjera 33 | L35: =A35 -> 33 | M35: =B35 -> Lenda1 Tema33 | N35: Organizimi 33 | O35: Detyre shtepie 1: | P35: Kompetenca 33
A36: 34 | B36: Lenda1 Tema34 | C36: Detyre shtepie 34 | D36: faqe 34 | E36: Situata 34 | F36: Metodologjia 34 | G36: Vleresimi 34 | H36: Burimi 34 | I36: Rezultati 34 | J36: Fjale Kyce 34 | K36: Lidhja me fushat e tjera 34 | L36: =A36 -> 34 | M36: =B36 -> Lenda1 Tema34 | N36: Organizimi 34 | O36: Detyre shtepie 1: | P36: Kompetenca 34 | Q36: 12
A37: 35 | B37: Lenda1 Tema35 | C37: Detyre shtepie 35 | D37: faqe 35 | E37: Situata 35 | F37: Metodologjia 35 | G37: Vleresimi 35 | H37: Burimi 35 | I37: Rezultati 35 | J37: Fjale Kyce 35 | K37: Lidhja me fushat e tjera 35 | L37: =A37 -> 35 | M37: =B37 -> Lenda1 Tema35 | N37: Organizimi 35 | O37: Detyre shtepie 1: | P37: Kompetenca 35
A38: 36 | B38: Lenda1 Tema36 | C38: Detyre shtepie 36 | D38: faqe 36 | E38: Situata 36 | F38: Metodologjia 36 | G38: Vleresimi 36 | H38: Burimi 36 | I38: Rezultati 36 | J38: Fjale Kyce 36 | K38: Lidhja me fushat e tjera 36 | L38: =A38 -> 36 | M38: =B38 -> Lenda1 Tema36 | N38: Organizimi 36 | O38: Detyre shtepie 1: | P38: Kompetenca 36
A39: 37 | B39: Lenda1 Tema37 | C39: Detyre shtepie 37 | D39: faqe 37 | E39: Situata 37 | F39: Metodologjia 37 | G39: Vleresimi 37 | H39: Burimi 37 | I39: Rezultati 37 | J39: Fjale Kyce 37 | K39: Lidhja me fushat e tjera 37 | L39: =A39 -> 37 | M39: =B39 -> Lenda1 Tema37 | N39: Organizimi 37 | O39: Detyre shtepie 1: | P39: Kompetenca 37 | Q39: 13
A40: 38 | B40: Lenda1 Tema38 | C40: Detyre shtepie 38 | D40: faqe 38 | E40: Situata 38 | F40: Metodologjia 38 | G40: Vleresimi 38 | H40: Burimi 38 | I40: Rezultati 38 | J40: Fjale Kyce 38 | K40: Lidhja me fushat e tjera 38 | L40: =A40 -> 38 | M40: =B40 -> Lenda1 Tema38 | N40: Organizimi 38 | O40: Detyre shtepie 1: | P40: Kompetenca 38
A41: 39 | B41: Lenda1 Tema39 | C41: Detyre shtepie 39 | D41: faqe 39 | E41: Situata 39 | F41: Metodologjia 39 | G41: Vleresimi 39 | H41: Burimi 39 | I41: Rezultati 39 | J41: Fjale Kyce 39 | K41: Lidhja me fushat e tjera 39 | L41: =Q39 -> 13 | M41: =B41 -> Lenda1 Tema39 | N41: Organizimi 39 | O41: Detyre shtepie 1: | P41: Kompetenca 39
A42: 40 | B42: Lenda1 Tema40 | C42: Detyre shtepie 40 | D42: faqe 40 | E42: Situata 40 | F42: Metodologjia 40 | G42: Vleresimi 40 | H42: Burimi 40 | I42: Rezultati 40 | J42: Fjale Kyce 40 | K42: Lidhja me fushat e tjera 40 | L42: =Q40 | M42: =B42 -> Lenda1 Tema40 | N42: Organizimi 40 | O42: Detyre shtepie 1: | P42: Kompetenca 40 | Q42: 14
A43: 41 | B43: Lenda1 Tema41 | C43: Detyre shtepie 41 | D43: faqe 41 | E43: Situata 41 | F43: Metodologjia 41 | G43: Vleresimi 41 | H43: Burimi 41 | I43: Rezultati 41 | J43: Fjale Kyce 41 | K43: Lidhja me fushat e tjera 41 | L43: =Q41 | M43: =B43 -> Lenda1 Tema41 | N43: Organizimi 41 | O43: Detyre shtepie 1: | P43: Kompetenca 41
A44: 42 | B44: Lenda1 Tema42 | C44: Detyre shtepie 42 | D44: faqe 42 | E44: Situata 42 | F44: Metodologjia 42 | G44: Vleresimi 42 | H44: Burimi 42 | I44: Rezultati 42 | J44: Fjale Kyce 42 | K44: Lidhja me fushat e tjera 42 | L44: =Q42 -> 14 | M44: =B44 -> Lenda1 Tema42 | N44: Organizimi 42 | O44: Detyre shtepie 1: | P44: Kompetenca 42
A45: 43 | B45: Lenda1 Tema43 | C45: Detyre shtepie 43 | D45: faqe 43 | E45: Situata 43 | F45: Metodologjia 43 | G45: Vleresimi 43 | H45: Burimi 43 | I45: Rezultati 43 | J45: Fjale Kyce 43 | K45: Lidhja me fushat e tjera 43 | L45: =A45 -> 43 | M45: =B45 -> Lenda1 Tema43 | N45: Organizimi 43 | O45: Detyre shtepie 1: | P45: Kompetenca 43 | Q45: 15
A46: 44 | B46: Lenda1 Tema44 | C46: Detyre shtepie 44 | D46: faqe 44 | E46: Situata 44 | F46: Metodologjia 44 | G46: Vleresimi 44 | H46: Burimi 44 | I46: Rezultati 44 | J46: Fjale Kyce 44 | K46: Lidhja me fushat e tjera 44 | L46: =A46 -> 44 | M46: =B46 -> Lenda1 Tema44 | N46: Organizimi 44 | O46: Detyre shtepie 1: | P46: Kompetenca 44
A47: 45 | B47: Lenda1 Tema45 | C47: Detyre shtepie 45 | D47: faqe 45 | E47: Situata 45 | F47: Metodologjia 45 | G47: Vleresimi 45 | H47: Burimi 45 | I47: Rezultati 45 | J47: Fjale Kyce 45 | K47: Lidhja me fushat e tjera 45 | L47: =A47 -> 45 | M47: =B47 -> Lenda1 Tema45 | N47: Organizimi 45 | O47: Detyre shtepie 1: | P47: Kompetenca 45
A48: 46 | B48: Lenda1 Tema46 | C48: Detyre shtepie 46 | D48: faqe 46 | E48: Situata 46 | F48: Metodologjia 46 | G48: Vleresimi 46 | H48: Burimi 46 | I48: Rezultati 46 | J48: Fjale Kyce 46 | K48: Lidhja me fushat e tjera 46 | L48: =A48 -> 46 | M48: =B48 -> Lenda1 Tema46 | N48: Organizimi 46 | O48: Detyre shtepie 1: | P48: Kompetenca 46 | Q48: 16
A49: 47 | B49: Lenda1 Tema47 | C49: Detyre shtepie 47 | D49: faqe 47 | E49: Situata 47 | F49: Metodologjia 47 | G49: Vleresimi 47 | H49: Burimi 47 | I49: Rezultati 47 | J49: Fjale Kyce 47 | K49: Lidhja me fushat e tjera 47 | L49: =A49 -> 47 | M49: =B49 -> Lenda1 Tema47 | N49: Organizimi 47 | O49: Detyre shtepie 1: | P49: Kompetenca 47
A50: 48 | B50: Lenda1 Tema48 | C50: Detyre shtepie 48 | D50: faqe 48 | E50: Situata 48 | F50: Metodologjia 48 | G50: Vleresimi 48 | H50: Burimi 48 | I50: Rezultati 48 | J50: Fjale Kyce 48 | K50: Lidhja me fushat e tjera 48 | L50: =A50 -> 48 | M50: =B50 -> Lenda1 Tema48 | N50: Organizimi 48 | O50: Detyre shtepie 1: | P50: Kompetenca 48
A51: 49 | B51: Lenda1 Tema49 | C51: Detyre shtepie 49 | D51: faqe 49 | E51: Situata 49 | F51: Metodologjia 49 | G51: Vleresimi 49 | H51: Burimi 49 | I51: Rezultati 49 | J51: Fjale Kyce 49 | K51: Lidhja me fushat e tjera 49 | L51: =A51 -> 49 | M51: =B51 -> Lenda1 Tema49 | N51: Organizimi 49 | O51: Detyre shtepie 1: | P51: Kompetenca 49 | Q51: 17
A52: 50 | B52: Lenda1 Tema50 | C52: Detyre shtepie 50 | D52: faqe 50 | E52: Situata 50 | F52: Metodologjia 50 | G52: Vleresimi 50 | H52: Burimi 50 | I52: Rezultati 50 | J52: Fjale Kyce 50 | K52: Lidhja me fushat e tjera 50 | L52: =A52 -> 50 | M52: =B52 -> Lenda1 Tema50 | N52: Organizimi 50 | O52: Detyre shtepie 1: | P52: Kompetenca 50
A53: 51 | B53: Lenda1 Tema51 | C53: Detyre shtepie 51 | D53: faqe 51 | E53: Situata 51 | F53: Metodologjia 51 | G53: Vleresimi 51 | H53: Burimi 51 | I53: Rezultati 51 | J53: Fjale Kyce 51 | K53: Lidhja me fushat e tjera 51 | L53: =A53 -> 51 | M53: =B53 -> Lenda1 Tema51 | N53: Organizimi 51 | O53: Detyre shtepie 1: | P53: Kompetenca 51
A54: 52 | B54: Lenda1 Tema52 | C54: Detyre shtepie 52 | D54: faqe 52 | E54: Situata 52 | F54: Metodologjia 52 | G54: Vleresimi 52 | H54: Burimi 52 | I54: Rezultati 52 | J54: Fjale Kyce 52 | K54: Lidhja me fushat e tjera 52 | L54: =A54 -> 52 | M54: =B54 -> Lenda1 Tema52 | N54: Organizimi 52 | O54: Detyre shtepie 1: | P54: Kompetenca 52 | Q54: 18
A55: 53 | B55: Lenda1 Tema53 | C55: Detyre shtepie 53 | D55: faqe 53 | E55: Situata 53 | F55: Metodologjia 53 | G55: Vleresimi 53 | H55: Burimi 53 | I55: Rezultati 53 | J55: Fjale Kyce 53 | K55: Lidhja me fushat e tjera 53 | L55: =A55 -> 53 | M55: =B55 -> Lenda1 Tema53 | N55: Organizimi 53 | O55: Detyre shtepie 1: | P55: Kompetenca 53
A56: 54 | B56: Lenda1 Tema54 | C56: Detyre shtepie 54 | D56: faqe 54 | E56: Situata 54 | F56: Metodologjia 54 | G56: Vleresimi 54 | H56: Burimi 54 | I56: Rezultati 54 | J56: Fjale Kyce 54 | K56: Lidhja me fushat e tjera 54 | L56: =A56 -> 54 | M56: =B56 -> Lenda1 Tema54 | N56: Organizimi 54 | O56: Detyre shtepie 1: | P56: Kompetenca 54
A57: 55 | B57: Lenda1 Tema55 | C57: Detyre shtepie 55 | D57: faqe 55 | E57: Situata 55 | F57: Metodologjia 55 | G57: Vleresimi 55 | H57: Burimi 55 | I57: Rezultati 55 | J57: Fjale Kyce 55 | K57: Lidhja me fushat e tjera 55 | L57: =A57 -> 55 | M57: =B57 -> Lenda1 Tema55 | N57: Organizimi 55 | O57: Detyre shtepie 1: | P57: Kompetenca 55 | Q57: 19
A58: 56 | B58: Lenda1 Tema56 | C58: Detyre shtepie 56 | D58: faqe 56 | E58: Situata 56 | F58: Metodologjia 56 | G58: Vleresimi 56 | H58: Burimi 56 | I58: Rezultati 56 | J58: Fjale Kyce 56 | K58: Lidhja me fushat e tjera 56 | L58: =A58 -> 56 | M58: =B58 -> Lenda1 Tema56 | N58: Organizimi 56 | O58: Detyre shtepie 1: | P58: Kompetenca 56
A59: 57 | B59: Lenda1 Tema57 | C59: Detyre shtepie 57 | D59: faqe 57 | E59: Situata 57 | F59: Metodologjia 57 | G59: Vleresimi 57 | H59: Burimi 57 | I59: Rezultati 57 | J59: Fjale Kyce 57 | K59: Lidhja me fushat e tjera 57 | L59: =A59 -> 57 | M59: =B59 -> Lenda1 Tema57 | N59: Organizimi 57 | O59: Detyre shtepie 1: | P59: Kompetenca 57
A60: 58 | B60: Lenda1 Tema58 | C60: Detyre shtepie 58 | D60: faqe 58 | E60: Situata 58 | F60: Metodologjia 58 | G60: Vleresimi 58 | H60: Burimi 58 | I60: Rezultati 58 | J60: Fjale Kyce 58 | K60: Lidhja me fushat e tjera 58 | L60: =A60 -> 58 | M60: =B60 -> Lenda1 Tema58 | N60: Organizimi 58 | O60: Detyre shtepie 1: | P60: Kompetenca 58 | Q60: 20
A61: 59 | B61: Lenda1 Tema59 | C61: Detyre shtepie 59 | D61: faqe 59 | E61: Situata 59 | F61: Metodologjia 59 | G61: Vleresimi 59 | H61: Burimi 59 | I61: Rezultati 59 | J61: Fjale Kyce 59 | K61: Lidhja me fushat e tjera 59 | L61: =A61 -> 59 | M61: =B61 -> Lenda1 Tema59 | N61: Organizimi 59 | O61: Detyre shtepie 1: | P61: Kompetenca 59
A62: 60 | B62: Lenda1 Tema60 | C62: Detyre shtepie 60 | D62: faqe 60 | E62: Situata 60 | F62: Metodologjia 60 | G62: Vleresimi 60 | H62: Burimi 60 | I62: Rezultati 60 | J62: Fjale Kyce 60 | K62: Lidhja me fushat e tjera 60 | L62: =A62 -> 60 | M62: =B62 -> Lenda1 Tema60 | N62: Organizimi 60 | O62: Detyre shtepie 1: | P62: Kompetenca 60
A63: 61 | B63: Lenda1 Tema61 | C63: Detyre shtepie 61 | D63: faqe 61 | E63: Situata 61 | F63: Metodologjia 61 | G63: Vleresimi 61 | H63: Burimi 61 | I63: Rezultati 61 | J63: Fjale Kyce 61 | K63: Lidhja me fushat e tjera 61 | L63: =A63 -> 61 | M63: =B63 -> Lenda1 Tema61 | N63: Organizimi 61 | O63: Detyre shtepie 1: | P63: Kompetenca 61 | Q63: 21
A64: 62 | B64: Lenda1 Tema62 | C64: Detyre shtepie 62 | D64: faqe 62 | E64: Situata 62 | F64: Metodologjia 62 | G64: Vleresimi 62 | H64: Burimi 62 | I64: Rezultati 62 | J64: Fjale Kyce 62 | K64: Lidhja me fushat e tjera 62 | L64: =A64 -> 62 | M64: =B64 -> Lenda1 Tema62 | N64: Organizimi 62 | O64: Detyre shtepie 1: | P64: Kompetenca 62
A65: 63 | B65: Lenda1 Tema63 | C65: Detyre shtepie 63 | D65: faqe 63 | E65: Situata 63 | F65: Metodologjia 63 | G65: Vleresimi 63 | H65: Burimi 63 | I65: Rezultati 63 | J65: Fjale Kyce 63 | K65: Lidhja me fushat e tjera 63 | L65: =A65 -> 63 | M65: Testim njohurish | N65: Organizimi 63 | O65: Detyre shtepie 1: | P65: Kompetenca 63
A66: 64 | B66: Lenda1 Tema64 | C66: Detyre shtepie 64 | D66: faqe 64 | E66: Situata 64 | F66: Metodologjia 64 | G66: Vleresimi 64 | H66: Burimi 64 | I66: Rezultati 64 | J66: Fjale Kyce 64 | K66: Lidhja me fushat e tjera 64 | L66: =A66 -> 64 | M66: =B66 -> Lenda1 Tema64 | N66: Organizimi 64 | O66: Detyre shtepie 1: | P66: Kompetenca 64 | Q66: 22
A67: 65 | B67: Lenda1 Tema65 | C67: Detyre shtepie 65 | D67: faqe 65 | E67: Situata 65 | F67: Metodologjia 65 | G67: Vleresimi 65 | H67: Burimi 65 | I67: Rezultati 65 | J67: Fjale Kyce 65 | K67: Lidhja me fushat e tjera 65 | L67: =A67 -> 65 | M67: =B67 -> Lenda1 Tema65 | N67: Organizimi 65 | O67: Detyre shtepie 1: | P67: Kompetenca 65
A68: 66 | B68: Lenda1 Tema66 | C68: Detyre shtepie 66 | D68: faqe 66 | E68: Situata 66 | F68: Metodologjia 66 | G68: Vleresimi 66 | H68: Burimi 66 | I68: Rezultati 66 | J68: Fjale Kyce 66 | K68: Lidhja me fushat e tjera 66 | L68: =A68 -> 66 | M68: =B68 -> Lenda1 Tema66 | N68: Organizimi 66 | O68: Detyre shtepie 1: | P68: Kompetenca 66
A69: 67 | B69: Lenda1 Tema67 | C69: Detyre shtepie 67 | D69: faqe 67 | E69: Situata 67 | F69: Metodologjia 67 | G69: Vleresimi 67 | H69: Burimi 67 | I69: Rezultati 67 | J69: Fjale Kyce 67 | K69: Lidhja me fushat e tjera 67 | L69: =A69 -> 67 | M69: =B69 -> Lenda1 Tema67 | N69: Organizimi 67 | O69: Detyre shtepie 1: | P69: Kompetenca 67 | Q69: 23
A70: 68 | B70: Lenda1 Tema68 | C70: Detyre shtepie 68 | D70: faqe 68 | E70: Situata 68 | F70: Metodologjia 68 | G70: Vleresimi 68 | H70: Burimi 68 | I70: Rezultati 68 | J70: Fjale Kyce 68 | K70: Lidhja me fushat e tjera 68 | L70: =A70 -> 68 | M70: =B70 -> Lenda1 Tema68 | N70: Organizimi 68 | O70: Detyre shtepie 1: | P70: Kompetenca 68
A71: 69 | B71: Lenda1 Tema69 | C71: Detyre shtepie 69 | D71: faqe 69 | E71: Situata 69 | F71: Metodologjia 69 | G71: Vleresimi 69 | H71: Burimi 69 | I71: Rezultati 69 | J71: Fjale Kyce 69 | K71: Lidhja me fushat e tjera 69 | L71: =A71 -> 69 | M71: =B71 -> Lenda1 Tema69 | N71: Organizimi 69 | O71: Detyre shtepie 1: | P71: Kompetenca 69
A72: 70 | B72: Lenda1 Tema70 | C72: Detyre shtepie 70 | D72: faqe 70 | E72: Situata 70 | F72: Metodologjia 70 | G72: Vleresimi 70 | H72: Burimi 70 | I72: Rezultati 70 | J72: Fjale Kyce 70 | K72: Lidhja me fushat e tjera 70 | L72: 48 | M72: Perseritje – Test Njohurish | N72: Organizimi 70 | O72: Detyre shtepie 1: | P72: Kompetenca 70 | Q72: 24
A73: 71 | B73: Lenda1 Tema71 | C73: Detyre shtepie 71 | D73: faqe 71 | E73: Situata 71 | F73: Metodologjia 71 | G73: Vleresimi 71 | H73: Burimi 71 | I73: Rezultati 71 | J73: Fjale Kyce 71 | K73: Lidhja me fushat e tjera 71 | L73: =A73 -> 71 | M73: =B73 -> Lenda1 Tema71 | N73: Organizimi 71 | O73: Detyre shtepie 1: | P73: Kompetenca 71
A74: 72 | B74: Lenda1 Tema72 | C74: Detyre shtepie 72 | D74: faqe 72 | E74: Situata 72 | F74: Metodologjia 72 | G74: Vleresimi 72 | H74: Burimi 72 | I74: Rezultati 72 | J74: Fjale Kyce 72 | K74: Lidhja me fushat e tjera 72 | L74: =A74 -> 72 | M74: =B74 -> Lenda1 Tema72 | N74: Organizimi 72 | O74: Detyre shtepie 1: | P74: Kompetenca 72
A75: 73 | B75: Lenda1 Tema73 | C75: Detyre shtepie 73 | D75: faqe 73 | E75: Situata 73 | F75: Metodologjia 73 | G75: Vleresimi 73 | H75: Burimi 73 | I75: Rezultati 73 | J75: Fjale Kyce 73 | K75: Lidhja me fushat e tjera 73 | L75: =A75 -> 73 | M75: =B75 -> Lenda1 Tema73 | N75: Organizimi 73 | O75: Detyre shtepie 1: | P75: Kompetenca 73 | Q75: 25
A76: 74 | B76: Lenda1 Tema74 | C76: Detyre shtepie 74 | D76: faqe 74 | E76: Situata 74 | F76: Metodologjia 74 | G76: Vleresimi 74 | H76: Burimi 74 | I76: Rezultati 74 | J76: Fjale Kyce 74 | K76: Lidhja me fushat e tjera 74 | L76: =A76 -> 74 | M76: =B76 -> Lenda1 Tema74 | N76: Organizimi 74 | O76: Detyre shtepie 1: | P76: Kompetenca 74
A77: 75 | B77: Lenda1 Tema75 | C77: Detyre shtepie 75 | D77: faqe 75 | E77: Situata 75 | F77: Metodologjia 75 | G77: Vleresimi 75 | H77: Burimi 75 | I77: Rezultati 75 | J77: Fjale Kyce 75 | K77: Lidhja me fushat e tjera 75 | L77: =A77 -> 75 | M77: =B77 -> Lenda1 Tema75 | N77: Organizimi 75 | O77: Detyre shtepie 1: | P77: Kompetenca 75
A78: 76 | B78: Lenda1 Tema76 | C78: Detyre shtepie 76 | D78: faqe 76 | E78: Situata 76 | F78: Metodologjia 76 | G78: Vleresimi 76 | H78: Burimi 76 | I78: Rezultati 76 | J78: Fjale Kyce 76 | K78: Lidhja me fushat e tjera 76 | L78: =A78 -> 76 | M78: =B78 -> Lenda1 Tema76 | N78: Organizimi 76 | O78: Detyre shtepie 1: | P78: Kompetenca 76 | Q78: 26
A79: 77 | B79: Lenda1 Tema77 | C79: Detyre shtepie 77 | D79: faqe 77 | E79: Situata 77 | F79: Metodologjia 77 | G79: Vleresimi 77 | H79: Burimi 77 | I79: Rezultati 77 | J79: Fjale Kyce 77 | K79: Lidhja me fushat e tjera 77 | L79: =A79 -> 77 | M79: =B79 -> Lenda1 Tema77 | N79: Organizimi 77 | O79: Detyre shtepie 1: | P79: Kompetenca 77
A80: 78 | B80: Lenda1 Tema78 | C80: Detyre shtepie 78 | D80: faqe 78 | E80: Situata 78 | F80: Metodologjia 78 | G80: Vleresimi 78 | H80: Burimi 78 | I80: Rezultati 78 | J80: Fjale Kyce 78 | K80: Lidhja me fushat e tjera 78 | L80: =A80 -> 78 | M80: =B80 -> Lenda1 Tema78 | N80: Organizimi 78 | O80: Detyre shtepie 1: | P80: Kompetenca 78
A81: 79 | B81: Lenda1 Tema79 | C81: Detyre shtepie 79 | D81: faqe 79 | E81: Situata 79 | F81: Metodologjia 79 | G81: Vleresimi 79 | H81: Burimi 79 | I81: Rezultati 79 | J81: Fjale Kyce 79 | K81: Lidhja me fushat e tjera 79 | L81: =A81 -> 79 | M81: =B81 -> Lenda1 Tema79 | N81: Organizimi 79 | O81: Detyre shtepie 1: | P81: Kompetenca 79 | Q81: 27
A82: 80 | B82: Lenda1 Tema80 | C82: Detyre shtepie 80 | D82: faqe 80 | E82: Situata 80 | F82: Metodologjia 80 | G82: Vleresimi 80 | H82: Burimi 80 | I82: Rezultati 80 | J82: Fjale Kyce 80 | K82: Lidhja me fushat e tjera 80 | L82: =A82 -> 80 | M82: =B82 -> Lenda1 Tema80 | N82: Organizimi 80 | O82: Detyre shtepie 1: | P82: Kompetenca 80
A83: 81 | B83: Lenda1 Tema81 | C83: Detyre shtepie 81 | D83: faqe 81 | E83: Situata 81 | F83: Metodologjia 81 | G83: Vleresimi 81 | H83: Burimi 81 | I83: Rezultati 81 | J83: Fjale Kyce 81 | K83: Lidhja me fushat e tjera 81 | L83: =A83 -> 81 | M83: =B83 -> Lenda1 Tema81 | N83: Organizimi 81 | O83: Detyre shtepie 1: | P83: Kompetenca 81
A84: 82 | B84: Lenda1 Tema82 | C84: Detyre shtepie 82 | D84: faqe 82 | E84: Situata 82 | F84: Metodologjia 82 | G84: Vleresimi 82 | H84: Burimi 82 | I84: Rezultati 82 | J84: Fjale Kyce 82 | K84: Lidhja me fushat e tjera 82 | L84: =A84 -> 82 | M84: =B84 -> Lenda1 Tema82 | N84: Organizimi 82 | O84: Detyre shtepie 1: | P84: Kompetenca 82 | Q84: 28
A85: 83 | B85: Lenda1 Tema83 | C85: Detyre shtepie 83 | D85: faqe 83 | E85: Situata 83 | F85: Metodologjia 83 | G85: Vleresimi 83 | H85: Burimi 83 | I85: Rezultati 83 | J85: Fjale Kyce 83 | K85: Lidhja me fushat e tjera 83 | L85: =A85 -> 83 | M85: =B85 -> Lenda1 Tema83 | N85: Organizimi 83 | O85: Detyre shtepie 1: | P85: Kompetenca 83
A86: 84 | B86: Lenda1 Tema84 | C86: Detyre shtepie 84 | D86: faqe 84 | E86: Situata 84 | F86: Metodologjia 84 | G86: Vleresimi 84 | H86: Burimi 84 | I86: Rezultati 84 | J86: Fjale Kyce 84 | K86: Lidhja me fushat e tjera 84 | L86: =A86 -> 84 | M86: =B86 -> Lenda1 Tema84 | N86: Organizimi 84 | O86: Detyre shtepie 1: | P86: Kompetenca 84
A87: 85 | B87: Lenda1 Tema85 | C87: Detyre shtepie 85 | D87: faqe 85 | E87: Situata 85 | F87: Metodologjia 85 | G87: Vleresimi 85 | H87: Burimi 85 | I87: Rezultati 85 | J87: Fjale Kyce 85 | K87: Lidhja me fushat e tjera 85 | L87: =A87 -> 85 | M87: =B87 -> Lenda1 Tema85 | N87: Organizimi 85 | O87: Detyre shtepie 1: | P87: Kompetenca 85 | Q87: 29
A88: 86 | B88: Lenda1 Tema86 | C88: Detyre shtepie 86 | D88: faqe 86 | E88: Situata 86 | F88: Metodologjia 86 | G88: Vleresimi 86 | H88: Burimi 86 | I88: Rezultati 86 | J88: Fjale Kyce 86 | K88: Lidhja me fushat e tjera 86 | L88: =A88 -> 86 | M88: =B88 -> Lenda1 Tema86 | N88: Organizimi 86 | O88: Detyre shtepie 1: | P88: Kompetenca 86
A89: 87 | B89: Lenda1 Tema87 | C89: Detyre shtepie 87 | D89: faqe 87 | E89: Situata 87 | F89: Metodologjia 87 | G89: Vleresimi 87 | H89: Burimi 87 | I89: Rezultati 87 | J89: Fjale Kyce 87 | K89: Lidhja me fushat e tjera 87 | L89: =A89 -> 87 | M89: =B89 -> Lenda1 Tema87 | N89: Organizimi 87 | O89: Detyre shtepie 1: | P89: Kompetenca 87
A90: 88 | B90: Lenda1 Tema88 | C90: Detyre shtepie 88 | D90: faqe 88 | E90: Situata 88 | F90: Metodologjia 88 | G90: Vleresimi 88 | H90: Burimi 88 | I90: Rezultati 88 | J90: Fjale Kyce 88 | K90: Lidhja me fushat e tjera 88 | L90: =A90 -> 88 | M90: =B90 -> Lenda1 Tema88 | N90: Organizimi 88 | O90: Detyre shtepie 1: | P90: Kompetenca 88 | Q90: 30
A91: 89 | B91: Lenda1 Tema89 | C91: Detyre shtepie 89 | D91: faqe 89 | E91: Situata 89 | F91: Metodologjia 89 | G91: Vleresimi 89 | H91: Burimi 89 | I91: Rezultati 89 | J91: Fjale Kyce 89 | K91: Lidhja me fushat e tjera 89 | L91: =A91 -> 89 | M91: =B91 -> Lenda1 Tema89 | N91: Organizimi 89 | O91: Detyre shtepie 1: | P91: Kompetenca 89
A92: 90 | B92: Lenda1 Tema90 | C92: Detyre shtepie 90 | D92: faqe 90 | E92: Situata 90 | F92: Metodologjia 90 | G92: Vleresimi 90 | H92: Burimi 90 | I92: Rezultati 90 | J92: Fjale Kyce 90 | K92: Lidhja me fushat e tjera 90 | L92: =A92 -> 90 | M92: =B92 -> Lenda1 Tema90 | N92: Organizimi 90 | O92: Detyre shtepie 1: | P92: Kompetenca 90
A93: 91 | B93: Lenda1 Tema91 | C93: Detyre shtepie 91 | D93: faqe 91 | E93: Situata 91 | F93: Metodologjia 91 | G93: Vleresimi 91 | H93: Burimi 91 | I93: Rezultati 91 | J93: Fjale Kyce 91 | K93: Lidhja me fushat e tjera 91 | L93: =A93 -> 91 | M93: =B93 -> Lenda1 Tema91 | N93: Organizimi 91 | O93: Detyre shtepie 1: | P93: Kompetenca 91 | Q93: 31
A94: 92 | B94: Lenda1 Tema92 | C94: Detyre shtepie 92 | D94: faqe 92 | E94: Situata 92 | F94: Metodologjia 92 | G94: Vleresimi 92 | H94: Burimi 92 | I94: Rezultati 92 | J94: Fjale Kyce 92 | K94: Lidhja me fushat e tjera 92 | L94: =A94 -> 92 | M94: =B94 -> Lenda1 Tema92 | N94: Organizimi 92 | O94: Detyre shtepie 1: | P94: Kompetenca 92
A95: 93 | B95: Lenda1 Tema93 | C95: Detyre shtepie 93 | D95: faqe 93 | E95: Situata 93 | F95: Metodologjia 93 | G95: Vleresimi 93 | H95: Burimi 93 | I95: Rezultati 93 | J95: Fjale Kyce 93 | K95: Lidhja me fushat e tjera 93 | L95: =A95 -> 93 | M95: =B95 -> Lenda1 Tema93 | N95: Organizimi 93 | O95: Detyre shtepie 1: | P95: Kompetenca 93
A96: 94 | B96: Lenda1 Tema94 | C96: Detyre shtepie 94 | D96: faqe 94 | E96: Situata 94 | F96: Metodologjia 94 | G96: Vleresimi 94 | H96: Burimi 94 | I96: Rezultati 94 | J96: Fjale Kyce 94 | K96: Lidhja me fushat e tjera 94 | L96: =A96 -> 94 | M96: =B96 -> Lenda1 Tema94 | N96: Organizimi 94 | O96: Detyre shtepie 1: | P96: Kompetenca 94 | Q96: 32
A97: 95 | B97: Lenda1 Tema95 | C97: Detyre shtepie 95 | D97: faqe 95 | E97: Situata 95 | F97: Metodologjia 95 | G97: Vleresimi 95 | H97: Burimi 95 | I97: Rezultati 95 | J97: Fjale Kyce 95 | K97: Lidhja me fushat e tjera 95 | L97: =A97 -> 95 | M97: =B97 -> Lenda1 Tema95 | N97: Organizimi 95 | O97: Detyre shtepie 1: | P97: Kompetenca 95
A98: 96 | B98: Lenda1 Tema96 | C98: Detyre shtepie 96 | D98: faqe 96 | E98: Situata 96 | F98: Metodologjia 96 | G98: Vleresimi 96 | H98: Burimi 96 | I98: Rezultati 96 | J98: Fjale Kyce 96 | K98: Lidhja me fushat e tjera 96 | L98: =A98 -> 96 | M98: =B98 -> Lenda1 Tema96 | N98: Organizimi 96 | O98: Detyre shtepie 1: | P98: Kompetenca 96
A99: 97 | B99: Lenda1 Tema97 | C99: Detyre shtepie 97 | D99: faqe 97 | E99: Situata 97 | F99: Metodologjia 97 | G99: Vleresimi 97 | H99: Burimi 97 | I99: Rezultati 97 | J99: Fjale Kyce 97 | K99: Lidhja me fushat e tjera 97 | L99: =A99 -> 97 | M99: =B99 -> Lenda1 Tema97 | N99: Organizimi 97 | O99: Detyre shtepie 1: | P99: Kompetenca 97 | Q99: 33
A100: 98 | B100: Lenda1 Tema98 | C100: Detyre shtepie 98 | D100: faqe 98 | E100: Situata 98 | F100: Metodologjia 98 | G100: Vleresimi 98 | H100: Burimi 98 | I100: Rezultati 98 | J100: Fjale Kyce 98 | K100: Lidhja me fushat e tjera 98 | L100: =A100 -> 98 | M100: =B100 -> Lenda1 Tema98 | N100: Organizimi 98 | O100: Detyre shtepie 1: | P100: Kompetenca 98
...

Sheet JAVA viti IV
A1: 1 | B1: 2 | C1: 3 | D1: 4 | E1: 5 | F1: 6 | G1: 7 | H1: 8 | I1: 9 | J1: 10 | K1: 11 | L1: 12 | M1: 13 | N1: 14 | O1: 15 | P1: 16
A2: Nr | B2: Tema | C2: Detyra Shtepie | D2: Fq Ditari | E2: Situata e të nxënit: | F2: Metodologjia dhe veprimtaritë e nxënësve: | G2: Vlerësimi: | H2: Burimet: | I2: Rezultatet e të nxënit sipas kompetencave kyç: | J2: Fjalët kyç: | K2: Lidhja me fusha të tjera ose me temat ndërkurrikulare: | L2: Nr | M2: Tema | N2: Organizimi i orës së mësimit: | O2: Detyre shtepie: | P2: Kompetencat që përfitojnë: | Q2: Java
A3: 1 | B3: Lenda 2 tema 1 | C3: Detyre shtepie 1 | D3: faqe 1 | E3: Situata 1 | F3: Metodologjia 1 | G3: Vleresimi 1 | H3: Burimi 1 | I3: Rezultati 1 | J3: Fjale Kyce 1 | K3: Lidhja me fushat e tjera 1 | L3: =A3 -> 1 | M3: =B3 -> Lenda 2 tema 1 | N3: Organizimi 1 | O3: Detyre shtepie 1: | P3: Kompetenca 1 | Q3: 1
A4: 2 | B4: Lenda 2 tema 2 | C4: Detyre shtepie 2 | D4: faqe 2 | E4: Situata 2 | F4: Metodologjia 2 | G4: Vleresimi 2 | H4: Burimi 2 | I4: Rezultati 2 | J4: Fjale Kyce 2 | K4: Lidhja me fushat e tjera 2 | L4: =A4 -> 2 | M4: =B4 -> Lenda 2 tema 2 | N4: Organizimi 2 | O4: Detyre shtepie 1: | P4: Kompetenca 2
A5: 3 | B5: Lenda 2 tema 3 | C5: Detyre shtepie 3 | D5: faqe 3 | E5: Situata 3 | F5: Metodologjia 3 | G5: Vleresimi 3 | H5: Burimi 3 | I5: Rezultati 3 | J5: Fjale Kyce 3 | K5: Lidhja me fushat e tjera 3 | L5: =A5 -> 3 | M5: =B5 -> Lenda 2 tema 3 | N5: Organizimi 3 | O5: Detyre shtepie 1: | P5: Kompetenca 3
A6: 4 | B6: Lenda 2 tema 4 | C6: Detyre shtepie 4 | D6: faqe 4 | E6: Situata 4 | F6: Metodologjia 4 | G6: Vleresimi 4 | H6: Burimi 4 | I6: Rezultati 4 | J6: Fjale Kyce 4 | K6: Lidhja me fushat e tjera 4 | L6: =A6 -> 4 | M6: =B6 -> Lenda 2 tema 4 | N6: Organizimi 4 | O6: Detyre shtepie 1: | P6: Kompetenca 4 | Q6: 2
A7: 5 | B7: Lenda 2 tema 5 | C7: Detyre shtepie 5 | D7: faqe 5 | E7: Situata 5 | F7: Metodologjia 5 | G7: Vleresimi 5 | H7: Burimi 5 | I7: Rezultati 5 | J7: Fjale Kyce 5 | K7: Lidhja me fushat e tjera 5 | L7: =A7 -> 5 | M7: =B7 -> Lenda 2 tema 5 | N7: Organizimi 5 | O7: Detyre shtepie 1: | P7: Kompetenca 5
A8: 6 | B8: Lenda 2 tema 6 | C8: Detyre shtepie 6 | D8: faqe 6 | E8: Situata 6 | F8: Metodologjia 6 | G8: Vleresimi 6 | H8: Burimi 6 | I8: Rezultati 6 | J8: Fjale Kyce 6 | K8: Lidhja me fushat e tjera 6 | L8: =A8 -> 6 | M8: =B8 -> Lenda 2 tema 6 | N8: Organizimi 6 | O8: Detyre shtepie 1: | P8: Kompetenca 6
A9: 7 | B9: Lenda 2 tema 7 | C9: Detyre shtepie 7 | D9: faqe 7 | E9: Situata 7 | F9: Metodologjia 7 | G9: Vleresimi 7 | H9: Burimi 7 | I9: Rezultati 7 | J9: Fjale Kyce 7 | K9: Lidhja me fushat e tjera 7 | L9: =A9 -> 7 | M9: =B9 -> Lenda 2 tema 7 | N9: Organizimi 7 | O9: Detyre shtepie 1: | P9: Kompetenca 7 | Q9: 3
A10: 8 | B10: Lenda 2 tema 8 | C10: Detyre shtepie 8 | D10: faqe 8 | E10: Situata 8 | F10: Metodologjia 8 | G10: Vleresimi 8 | H10: Burimi 8 | I10: Rezultati 8 | J10: Fjale Kyce 8 | K10: Lidhja me fushat e tjera 8 | L10: =A10 -> 8 | M10: =B10 -> Lenda 2 tema 8 | N10: Organizimi 8 | O10: Detyre shtepie 1: | P10: Kompetenca 8
A11: 9 | B11: Lenda 2 tema 9 | C11: Detyre shtepie 9 | D11: faqe 9 | E11: Situata 9 | F11: Metodologjia 9 | G11: Vleresimi 9 | H11: Burimi 9 | I11: Rezultati 9 | J11: Fjale Kyce 9 | K11: Lidhja me fushat e tjera 9 | L11: =A11 -> 9 | M11: =B11 -> Lenda 2 tema 9 | N11: Organizimi 9 | O11: Detyre shtepie 1: | P11: Kompetenca 9
A12: 10 | B12: Lenda 2 tema 10 | C12: Detyre shtepie 10 | D12: faqe 10 | E12: Situata 10 | F12: Metodologjia 10 | G12: Vleresimi 10 | H12: Burimi 10 | I12: Rezultati 10 | J12: Fjale Kyce 10 | K12: Lidhja me fushat e tjera 10 | L12: =A12 -> 10 | M12: =B12 -> Lenda 2 tema 10 | N12: Organizimi 10 | O12: Detyre shtepie 1: | P12: Kompetenca 10 | Q12: 4
A13: 11 | B13: Lenda 2 tema 11 | C13: Detyre shtepie 11 | D13: faqe 11 | E13: Situata 11 | F13: Metodologjia 11 | G13: Vleresimi 11 | H13: Burimi 11 | I13: Rezultati 11 | J13: Fjale Kyce 11 | K13: Lidhja me fushat e tjera 11 | L13: =A13 -> 11 | M13: =B13 -> Lenda 2 tema 11 | N13: Organizimi 11 | O13: Detyre shtepie 1: | P13: Kompetenca 11
A14: 12 | B14: Lenda 2 tema 12 | C14: Detyre shtepie 12 | D14: faqe 12 | E14: Situata 12 | F14: Metodologjia 12 | G14: Vleresimi 12 | H14: Burimi 12 | I14: Rezultati 12 | J14: Fjale Kyce 12 | K14: Lidhja me fushat e tjera 12 | L14: =A14 -> 12 | M14: =B14 -> Lenda 2 tema 12 | N14: Organizimi 12 | O14: Detyre shtepie 1: | P14: Kompetenca 12
A15: 13 | B15: Lenda 2 tema 13 | C15: Detyre shtepie 13 | D15: faqe 13 | E15: Situata 13 | F15: Metodologjia 13 | G15: Vleresimi 13 | H15: Burimi 13 | I15: Rezultati 13 | J15: Fjale Kyce 13 | K15: Lidhja me fushat e tjera 13 | L15: =A15 -> 13 | M15: =B15 -> Lenda 2 tema 13 | N15: Organizimi 13 | O15: Detyre shtepie 1: | P15: Kompetenca 13 | Q15: 5
A16: 14 | B16: Lenda 2 tema 14 | C16: Detyre shtepie 14 | D16: faqe 14 | E16: Situata 14 | F16: Metodologjia 14 | G16: Vleresimi 14 | H16: Burimi 14 | I16: Rezultati 14 | J16: Fjale Kyce 14 | K16: Lidhja me fushat e tjera 14 | L16: =A16 -> 14 | M16: =B16 -> Lenda 2 tema 14 | N16: Organizimi 14 | O16: Detyre shtepie 1: | P16: Kompetenca 14
A17: 15 | B17: Lenda 2 tema 15 | C17: Detyre shtepie 15 | D17: faqe 15 | E17: Situata 15 | F17: Metodologjia 15 | G17: Vleresimi 15 | H17: Burimi 15 | I17: Rezultati 15 | J17: Fjale Kyce 15 | K17: Lidhja me fushat e tjera 15 | L17: =A17 -> 15 | M17: =B17 -> Lenda 2 tema 15 | N17: Organizimi 15 | O17: Detyre shtepie 1: | P17: Kompetenca 15
A18: 16 | B18: Lenda 2 tema 16 | C18: Detyre shtepie 16 | D18: faqe 16 | E18: Situata 16 | F18: Metodologjia 16 | G18: Vleresimi 16 | H18: Burimi 16 | I18: Rezultati 16 | J18: Fjale Kyce 16 | K18: Lidhja me fushat e tjera 16 | L18: =A18 -> 16 | M18: =B18 -> Lenda 2 tema 16 | N18: Organizimi 16 | O18: Detyre shtepie 1: | P18: Kompetenca 16 | Q18: 6
A19: 17 | B19: Lenda 2 tema 17 | C19: Detyre shtepie 17 | D19: faqe 17 | E19: Situata 17 | F19: Metodologjia 17 | G19: Vleresimi 17 | H19: Burimi 17 | I19: Rezultati 17 | J19: Fjale Kyce 17 | K19: Lidhja me fushat e tjera 17 | L19: =A19 -> 17 | M19: =B19 -> Lenda 2 tema 17 | N19: Organizimi 17 | O19: Detyre shtepie 1: | P19: Kompetenca 17
A20: 18 | B20: Lenda 2 tema 18 | C20: Detyre shtepie 18 | D20: faqe 18 | E20: Situata 18 | F20: Metodologjia 18 | G20: Vleresimi 18 | H20: Burimi 18 | I20: Rezultati 18 | J20: Fjale Kyce 18 | K20: Lidhja me fushat e tjera 18 | L20: =A20 -> 18 | M20: =B20 -> Lenda 2 tema 18 | N20: Organizimi 18 | O20: Detyre shtepie 1: | P20: Kompetenca 18
A21: 19 | B21: Lenda 2 tema 19 | C21: Detyre shtepie 19 | D21: faqe 19 | E21: Situata 19 | F21: Metodologjia 19 | G21: Vleresimi 19 | H21: Burimi 19 | I21: Rezultati 19 | J21: Fjale Kyce 19 | K21: Lidhja me fushat e tjera 19 | L21: =A21 -> 19 | M21: =B21 -> Lenda 2 tema 19 | N21: Organizimi 19 | O21: Detyre shtepie 1: | P21: Kompetenca 19 | Q21: 7
A22: 20 | B22: Lenda 2 tema 20 | C22: Detyre shtepie 20 | D22: faqe 20 | E22: Situata 20 | F22: Metodologjia 20 | G22: Vleresimi 20 | H22: Burimi 20 | I22: Rezultati 20 | J22: Fjale Kyce 20 | K22: Lidhja me fushat e tjera 20 | L22: =A22 -> 20 | M22: =B22 -> Lenda 2 tema 20 | N22: Organizimi 20 | O22: Detyre shtepie 1: | P22: Kompetenca 20
A23: 21 | B23: Lenda 2 tema 21 | C23: Detyre shtepie 21 | D23: faqe 21 | E23: Situata 21 | F23: Metodologjia 21 | G23: Vleresimi 21 | H23: Burimi 21 | I23: Rezultati 21 | J23: Fjale Kyce 21 | K23: Lidhja me fushat e tjera 21 | L23: =A23 -> 21 | M23: =B23 -> Lenda 2 tema 21 | N23: Organizimi 21 | O23: Detyre shtepie 1: | P23: Kompetenca 21
A24: 22 | B24: Lenda 2 tema 22 | C24: Detyre shtepie 22 | D24: faqe 22 | E24: Situata 22 | F24: Metodologjia 22 | G24: Vleresimi 22 | H24: Burimi 22 | I24: Rezultati 22 | J24: Fjale Kyce 22 | K24: Lidhja me fushat e tjera 22 | L24: =A24 -> 22 | M24: =B24 -> Lenda 2 tema 22 | N24: Organizimi 22 | O24: Detyre shtepie 1: | P24: Kompetenca 22 | Q24: 8
A25: 23 | B25: Lenda 2 tema 23 | C25: Detyre shtepie 23 | D25: faqe 23 | E25: Situata 23 | F25: Metodologjia 23 | G25: Vleresimi 23 | H25: Burimi 23 | I25: Rezultati 23 | J25: Fjale Kyce 23 | K25: Lidhja me fushat e tjera 23 | L25: =A25 -> 23 | M25: =B25 -> Lenda 2 tema 23 | N25: Organizimi 23 | O25: Detyre shtepie 1: | P25: Kompetenca 23
A26: 24 | B26: Lenda 2 tema 24 | C26: Detyre shtepie 24 | D26: faqe 24 | E26: Situata 24 | F26: Metodologjia 24 | G26: Vleresimi 24 | H26: Burimi 24 | I26: Rezultati 24 | J26: Fjale Kyce 24 | K26: Lidhja me fushat e tjera 24 | L26: =A26 -> 24 | M26: =B26 -> Lenda 2 tema 24 | N26: Organizimi 24 | O26: Detyre shtepie 1: | P26: Kompetenca 24
A27: 25 | B27: Lenda 2 tema 25 | C27: Detyre shtepie 25 | D27: faqe 25 | E27: Situata 25 | F27: Metodologjia 25 | G27: Vleresimi 25 | H27: Burimi 25 | I27: Rezultati 25 | J27: Fjale Kyce 25 | K27: Lidhja me fushat e tjera 25 | L27: =A27 -> 25 | M27: =B27 -> Lenda 2 tema 25 | N27: Organizimi 25 | O27: Detyre shtepie 1: | P27: Kompetenca 25 | Q27: 9
A28: 26 | B28: Lenda 2 tema 26 | C28: Detyre shtepie 26 | D28: faqe 26 | E28: Situata 26 | F28: Metodologjia 26 | G28: Vleresimi 26 | H28: Burimi 26 | I28: Rezultati 26 | J28: Fjale Kyce 26 | K28: Lidhja me fushat e tjera 26 | L28: =A28 -> 26 | M28: =B28 -> Lenda 2 tema 26 | N28: Organizimi 26 | O28: Detyre shtepie 1: | P28: Kompetenca 26
A29: 27 | B29: Lenda 2 tema 27 | C29: Detyre shtepie 27 | D29: faqe 27 | E29: Situata 27 | F29: Metodologjia 27 | G29: Vleresimi 27 | H29: Burimi 27 | I29: Rezultati 27 | J29: Fjale Kyce 27 | K29: Lidhja me fushat e tjera 27 | L29: =A29 -> 27 | M29: =B29 -> Lenda 2 tema 27 | N29: Organizimi 27 | O29: Detyre shtepie 1: | P29: Kompetenca 27
A30: 28 | B30: Lenda 2 tema 28 | C30: Detyre shtepie 28 | D30: faqe 28 | E30: Situata 28 | F30: Metodologjia 28 | G30: Vleresimi 28 | H30: Burimi 28 | I30: Rezultati 28 | J30: Fjale Kyce 28 | K30: Lidhja me fushat e tjera 28 | L30: =A30 -> 28 | M30: =B30 -> Lenda 2 tema 28 | N30: Organizimi 28 | O30: Detyre shtepie 1: | P30: Kompetenca 28 | Q30: 10
A31: 29 | B31: Lenda 2 tema 29 | C31: Detyre shtepie 29 | D31: faqe 29 | E31: Situata 29 | F31: Metodologjia 29 | G31: Vleresimi 29 | H31: Burimi 29 | I31: Rezultati 29 | J31: Fjale Kyce 29 | K31: Lidhja me fushat e tjera 29 | L31: =A31 -> 29 | M31: =B31 -> Lenda 2 tema 29 | N31: Organizimi 29 | O31: Detyre shtepie 1: | P31: Kompetenca 29
A32: 30 | B32: Lenda 2 tema 30 | C32: Detyre shtepie 30 | D32: faqe 30 | E32: Situata 30 | F32: Metodologjia 30 | G32: Vleresimi 30 | H32: Burimi 30 | I32: Rezultati 30 | J32: Fjale Kyce 30 | K32: Lidhja me fushat e tjera 30 | L32: =A32 -> 30 | M32: =B32 -> Lenda 2 tema 30 | N32: Organizimi 30 | O32: Detyre shtepie 1: | P32: Kompetenca 30
A33: 31 | B33: Lenda 2 tema 31 | C33: Detyre shtepie 31 | D33: faqe 31 | E33: Situata 31 | F33: Metodologjia 31 | G33: Vleresimi 31 | H33: Burimi 31 | I33: Rezultati 31 | J33: Fjale Kyce 31 | K33: Lidhja me fushat e tjera 31 | L33: =A33 -> 31 | M33: =B33 -> Lenda 2 tema 31 | N33: Organizimi 31 | O33: Detyre shtepie 1: | P33: Kompetenca 31 | Q33: 11
A34: 32 | B34: Lenda 2 tema 32 | C34: Detyre shtepie 32 | D34: faqe 32 | E34: Situata 32 | F34: Metodologjia 32 | G34: Vleresimi 32 | H34: Burimi 32 | I34: Rezultati 32 | J34: Fjale Kyce 32 | K34: Lidhja me fushat e tjera 32 | L34: =A34 -> 32 | M34: =B34 -> Lenda 2 tema 32 | N34: Organizimi 32 | O34: Detyre shtepie 1: | P34: Kompetenca 32
A35: 33 | B35: Lenda 2 tema 33 | C35: Detyre shtepie 33 | D35: faqe 33 | E35: Situata 33 | F35: Metodologjia 33 | G35: Vleresimi 33 | H35: Burimi 33 | I35: Rezultati 33 | J35: Fjale Kyce 33 | K35: Lidhja me fushat e tjera 33 | L35: =A35 -> 33 | M35: =B35 -> Lenda 2 tema 33 | N35: Organizimi 33 | O35: Detyre shtepie 1: | P35: Kompetenca 33
A36: 34 | B36: Lenda 2 tema 34 | C36: Detyre shtepie 34 | D36: faqe 34 | E36: Situata 34 | F36: Metodologjia 34 | G36: Vleresimi 34 | H36: Burimi 34 | I36: Rezultati 34 | J36: Fjale Kyce 34 | K36: Lidhja me fushat e tjera 34 | L36: =A36 -> 34 | M36: =B36 -> Lenda 2 tema 34 | N36: Organizimi 34 | O36: Detyre shtepie 1: | P36: Kompetenca 34 | Q36: 12
A37: 35 | B37: Lenda 2 tema 35 | C37: Detyre shtepie 35 | D37: faqe 35 | E37: Situata 35 | F37: Metodologjia 35 | G37: Vleresimi 35 | H37: Burimi 35 | I37: Rezultati 35 | J37: Fjale Kyce 35 | K37: Lidhja me fushat e tjera 35 | L37: =A37 -> 35 | M37: =B37 -> Lenda 2 tema 35 | N37: Organizimi 35 | O37: Detyre shtepie 1: | P37: Kompetenca 35
A38: 36 | B38: Lenda 2 tema 36 | C38: Detyre shtepie 36 | D38: faqe 36 | E38: Situata 36 | F38: Metodologjia 36 | G38: Vleresimi 36 | H38: Burimi 36 | I38: Rezultati 36 | J38: Fjale Kyce 36 | K38: Lidhja me fushat e tjera 36 | L38: =A38 -> 36 | M38: =B38 -> Lenda 2 tema 36 | N38: Organizimi 36 | O38: Detyre shtepie 1: | P38: Kompetenca 36
A39: 37 | B39: Lenda 2 tema 37 | C39: Detyre shtepie 37 | D39: faqe 37 | E39: Situata 37 | F39: Metodologjia 37 | G39: Vleresimi 37 | H39: Burimi 37 | I39: Rezultati 37 | J39: Fjale Kyce 37 | K39: Lidhja me fushat e tjera 37 | L39: =A39 -> 37 | M39: =B39 -> Lenda 2 tema 37 | N39: Organizimi 37 | O39: Detyre shtepie 1: | P39: Kompetenca 37 | Q39: 13
A40: 38 | B40: Lenda 2 tema 38 | C40: Detyre shtepie 38 | D40: faqe 38 | E40: Situata 38 | F40: Metodologjia 38 | G40: Vleresimi 38 | H40: Burimi 38 | I40: Rezultati 38 | J40: Fjale Kyce 38 | K40: Lidhja me fushat e tjera 38 | L40: =A40 -> 38 | M40: =B40 -> Lenda 2 tema 38 | N40: Organizimi 38 | O40: Detyre shtepie 1: | P40: Kompetenca 38
A41: 39 | B41: Lenda 2 tema 39 | C41: Detyre shtepie 39 | D41: faqe 39 | E41: Situata 39 | F41: Metodologjia 39 | G41: Vleresimi 39 | H41: Burimi 39 | I41: Rezultati 39 | J41: Fjale Kyce 39 | K41: Lidhja me fushat e tjera 39 | L41: =Q39 -> 13 | M41: =B41 -> Lenda 2 tema 39 | N41: Organizimi 39 | O41: Detyre shtepie 1: | P41: Kompetenca 39
A42: 40 | B42: Lenda 2 tema 40 | C42: Detyre shtepie 40 | D42: faqe 40 | E42: Situata 40 | F42: Metodologjia 40 | G42: Vleresimi 40 | H42: Burimi 40 | I42: Rezultati 40 | J42: Fjale Kyce 40 | K42: Lidhja me fushat e tjera 40 | L42: =Q40 | M42: =B42 -> Lenda 2 tema 40 | N42: Organizimi 40 | O42: Detyre shtepie 1: | P42: Kompetenca 40 | Q42: 14
A43: 41 | B43: Lenda 2 tema 41 | C43: Detyre shtepie 41 | D43: faqe 41 | E43: Situata 41 | F43: Metodologjia 41 | G43: Vleresimi 41 | H43: Burimi 41 | I43: Rezultati 41 | J43: Fjale Kyce 41 | K43: Lidhja me fushat e tjera 41 | L43: =Q41 | M43: =B43 -> Lenda 2 tema 41 | N43: Organizimi 41 | O43: Detyre shtepie 1: | P43: Kompetenca 41
A44: 42 | B44: Lenda 2 tema 42 | C44: Detyre shtepie 42 | D44: faqe 42 | E44: Situata 42 | F44: Metodologjia 42 | G44: Vleresimi 42 | H44: Burimi 42 | I44: Rezultati 42 | J44: Fjale Kyce 42 | K44: Lidhja me fushat e tjera 42 | L44: =Q42 -> 14 | M44: =B44 -> Lenda 2 tema 42 | N44: Organizimi 42 | O44: Detyre shtepie 1: | P44: Kompetenca 42
A45: 43 | B45: Lenda 2 tema 43 | C45: Detyre shtepie 43 | D45: faqe 43 | E45: Situata 43 | F45: Metodologjia 43 | G45: Vleresimi 43 | H45: Burimi 43 | I45: Rezultati 43 | J45: Fjale Kyce 43 | K45: Lidhja me fushat e tjera 43 | L45: =A45 -> 43 | M45: =B45 -> Lenda 2 tema 43 | N45: Organizimi 43 | O45: Detyre shtepie 1: | P45: Kompetenca 43 | Q45: 15
A46: 44 | B46: Lenda 2 tema 44 | C46: Detyre shtepie 44 | D46: faqe 44 | E46: Situata 44 | F46: Metodologjia 44 | G46: Vleresimi 44 | H46: Burimi 44 | I46: Rezultati 44 | J46: Fjale Kyce 44 | K46: Lidhja me fushat e tjera 44 | L46: =A46 -> 44 | M46: =B46 -> Lenda 2 tema 44 | N46: Organizimi 44 | O46: Detyre shtepie 1: | P46: Kompetenca 44
A47: 45 | B47: Lenda 2 tema 45 | C47: Detyre shtepie 45 | D47: faqe 45 | E47: Situata 45 | F47: Metodologjia 45 | G47: Vleresimi 45 | H47: Burimi 45 | I47: Rezultati 45 | J47: Fjale Kyce 45 | K47: Lidhja me fushat e tjera 45 | L47: =A47 -> 45 | M47: =B47 -> Lenda 2 tema 45 | N47: Organizimi 45 | O47: Detyre shtepie 1: | P47: Kompetenca 45
A48: 46 | B48: Lenda 2 tema 46 | C48: Detyre shtepie 46 | D48: faqe 46 | E48: Situata 46 | F48: Metodologjia 46 | G48: Vleresimi 46 | H48: Burimi 46 | I48: Rezultati 46 | J48: Fjale Kyce 46 | K48: Lidhja me fushat e tjera 46 | L48: =A48 -> 46 | M48: =B48 -> Lenda 2 tema 46 | N48: Organizimi 46 | O48: Detyre shtepie 1: | P48: Kompetenca 46 | Q48: 16
A49: 47 | B49: Lenda 2 tema 47 | C49: Detyre shtepie 47 | D49: faqe 47 | E49: Situata 47 | F49: Metodologjia 47 | G49: Vleresimi 47 | H49: Burimi 47 | I49: Rezultati 47 | J49: Fjale Kyce 47 | K49: Lidhja me fushat e tjera 47 | L49: =A49 -> 47 | M49: =B49 -> Lenda 2 tema 47 | N49: Organizimi 47 | O49: Detyre shtepie 1: | P49: Kompetenca 47
A50: 48 | B50: Lenda 2 tema 48 | C50: Detyre shtepie 48 | D50: faqe 48 | E50: Situata 48 | F50: Metodologjia 48 | G50: Vleresimi 48 | H50: Burimi 48 | I50: Rezultati 48 | J50: Fjale Kyce 48 | K50: Lidhja me fushat e tjera 48 | L50: =A50 -> 48 | M50: =B50 -> Lenda 2 tema 48 | N50: Organizimi 48 | O50: Detyre shtepie 1: | P50: Kompetenca 48
A51: 49 | B51: Lenda 2 tema 49 | C51: Detyre shtepie 49 | D51: faqe 49 | E51: Situata 49 | F51: Metodologjia 49 | G51: Vleresimi 49 | H51: Burimi 49 | I51: Rezultati 49 | J51: Fjale Kyce 49 | K51: Lidhja me fushat e tjera 49 | L51: =A51 -> 49 | M51: =B51 -> Lenda 2 tema 49 | N51: Organizimi 49 | O51: Detyre shtepie 1: | P51: Kompetenca 49 | Q51: 17
A52: 50 | B52: Lenda 2 tema 50 | C52: Detyre shtepie 50 | D52: faqe 50 | E52: Situata 50 | F52: Metodologjia 50 | G52: Vleresimi 50 | H52: Burimi 50 | I52: Rezultati 50 | J52: Fjale Kyce 50 | K52: Lidhja me fushat e tjera 50 | L52: =A52 -> 50 | M52: =B52 -> Lenda 2 tema 50 | N52: Organizimi 50 | O52: Detyre shtepie 1: | P52: Kompetenca 50
A53: 51 | B53: Lenda 2 tema 51 | C53: Detyre shtepie 51 | D53: faqe 51 | E53: Situata 51 | F53: Metodologjia 51 | G53: Vleresimi 51 | H53: Burimi 51 | I53: Rezultati 51 | J53: Fjale Kyce 51 | K53: Lidhja me fushat e tjera 51 | L53: =A53 -> 51 | M53: =B53 -> Lenda 2 tema 51 | N53: Organizimi 51 | O53: Detyre shtepie 1: | P53: Kompetenca 51
A54: 52 | B54: Lenda 2 tema 52 | C54: Detyre shtepie 52 | D54: faqe 52 | E54: Situata 52 | F54: Metodologjia 52 | G54: Vleresimi 52 | H54: Burimi 52 | I54: Rezultati 52 | J54: Fjale Kyce 52 | K54: Lidhja me fushat e tjera 52 | L54: =A54 -> 52 | M54: =B54 -> Lenda 2 tema 52 | N54: Organizimi 52 | O54: Detyre shtepie 1: | P54: Kompetenca 52 | Q54: 18
A55: 53 | B55: Lenda 2 tema 53 | C55: Detyre shtepie 53 | D55: faqe 53 | E55: Situata 53 | F55: Metodologjia 53 | G55: Vleresimi 53 | H55: Burimi 53 | I55: Rezultati 53 | J55: Fjale Kyce 53 | K55: Lidhja me fushat e tjera 53 | L55: =A55 -> 53 | M55: =B55 -> Lenda 2 tema 53 | N55: Organizimi 53 | O55: Detyre shtepie 1: | P55: Kompetenca 53
A56: 54 | B56: Lenda 2 tema 54 | C56: Detyre shtepie 54 | D56: faqe 54 | E56: Situata 54 | F56: Metodologjia 54 | G56: Vleresimi 54 | H56: Burimi 54 | I56: Rezultati 54 | J56: Fjale Kyce 54 | K56: Lidhja me fushat e tjera 54 | L56: =A56 -> 54 | M56: =B56 -> Lenda 2 tema 54 | N56: Organizimi 54 | O56: Detyre shtepie 1: | P56: Kompetenca 54
A57: 55 | B57: Lenda 2 tema 55 | C57: Detyre shtepie 55 | D57: faqe 55 | E57: Situata 55 | F57: Metodologjia 55 | G57: Vleresimi 55 | H57: Burimi 55 | I57: Rezultati 55 | J57: Fjale Kyce 55 | K57: Lidhja me fushat e tjera 55 | L57: =A57 -> 55 | M57: =B57 -> Lenda 2 tema 55 | N57: Organizimi 55 | O57: Detyre shtepie 1: | P57: Kompetenca 55 | Q57: 19
A58: 56 | B58: Lenda 2 tema 56 | C58: Detyre shtepie 56 | D58: faqe 56 | E58: Situata 56 | F58: Metodologjia 56 | G58: Vleresimi 56 | H58: Burimi 56 | I58: Rezultati 56 | J58: Fjale Kyce 56 | K58: Lidhja me fushat e tjera 56 | L58: =A58 -> 56 | M58: =B58 -> Lenda 2 tema 56 | N58: Organizimi 56 | O58: Detyre shtepie 1: | P58: Kompetenca 56
A59: 57 | B59: Lenda 2 tema 57 | C59: Detyre shtepie 57 | D59: faqe 57 | E59: Situata 57 | F59: Metodologjia 57 | G59: Vleresimi 57 | H59: Burimi 57 | I59: Rezultati 57 | J59: Fjale Kyce 57 | K59: Lidhja me fushat e tjera 57 | L59: =A59 -> 57 | M59: =B59 -> Lenda 2 tema 57 | N59: Organizimi 57 | O59: Detyre shtepie 1: | P59: Kompetenca 57
A60: 58 | B60: Lenda 2 tema 58 | C60: Detyre shtepie 58 | D60: faqe 58 | E60: Situata 58 | F60: Metodologjia 58 | G60: Vleresimi 58 | H60: Burimi 58 | I60: Rezultati 58 | J60: Fjale Kyce 58 | K60: Lidhja me fushat e tjera 58 | L60: =A60 -> 58 | M60: =B60 -> Lenda 2 tema 58 | N60: Organizimi 58 | O60: Detyre shtepie 1: | P60: Kompetenca 58 | Q60: 20
A61: 59 | B61: Lenda 2 tema 59 | C61: Detyre shtepie 59 | D61: faqe 59 | E61: Situata 59 | F61: Metodologjia 59 | G61: Vleresimi 59 | H61: Burimi 59 | I61: Rezultati 59 | J61: Fjale Kyce 59 | K61: Lidhja me fushat e tjera 59 | L61: =A61 -> 59 | M61: =B61 -> Lenda 2 tema 59 | N61: Organizimi 59 | O61: Detyre shtepie 1: | P61: Kompetenca 59
A62: 60 | B62: Lenda 2 tema 60 | C62: Detyre shtepie 60 | D62: faqe 60 | E62: Situata 60 | F62: Metodologjia 60 | G62: Vleresimi 60 | H62: Burimi 60 | I62: Rezultati 60 | J62: Fjale Kyce 60 | K62: Lidhja me fushat e tjera 60 | L62: =A62 -> 60 | M62: =B62 -> Lenda 2 tema 60 | N62: Organizimi 60 | O62: Detyre shtepie 1: | P62: Kompetenca 60
A63: 61 | B63: Lenda 2 tema 61 | C63: Detyre shtepie 61 | D63: faqe 61 | E63: Situata 61 | F63: Metodologjia 61 | G63: Vleresimi 61 | H63: Burimi 61 | I63: Rezultati 61 | J63: Fjale Kyce 61 | K63: Lidhja me fushat e tjera 61 | L63: =A63 -> 61 | M63: =B63 -> Lenda 2 tema 61 | N63: Organizimi 61 | O63: Detyre shtepie 1: | P63: Kompetenca 61 | Q63: 21
A64: 62 | B64: Lenda 2 tema 62 | C64: Detyre shtepie 62 | D64: faqe 62 | E64: Situata 62 | F64: Metodologjia 62 | G64: Vleresimi 62 | H64: Burimi 62 | I64: Rezultati 62 | J64: Fjale Kyce 62 | K64: Lidhja me fushat e tjera 62 | L64: =A64 -> 62 | M64: =B64 -> Lenda 2 tema 62 | N64: Organizimi 62 | O64: Detyre shtepie 1: | P64: Kompetenca 62
A65: 63 | B65: Lenda 2 tema 63 | C65: Detyre shtepie 63 | D65: faqe 63 | E65: Situata 63 | F65: Metodologjia 63 | G65: Vleresimi 63 | H65: Burimi 63 | I65: Rezultati 63 | J65: Fjale Kyce 63 | K65: Lidhja me fushat e tjera 63 | L65: =A65 -> 63 | M65: Testim njohurish | N65: Organizimi 63 | O65: Detyre shtepie 1: | P65: Kompetenca 63
A66: 64 | B66: Lenda 2 tema 64 | C66: Detyre shtepie 64 | D66: faqe 64 | E66: Situata 64 | F66: Metodologjia 64 | G66: Vleresimi 64 | H66: Burimi 64 | I66: Rezultati 64 | J66: Fjale Kyce 64 | K66: Lidhja me fushat e tjera 64 | L66: =A66 -> 64 | M66: =B66 -> Lenda 2 tema 64 | N66: Organizimi 64 | O66: Detyre shtepie 1: | P66: Kompetenca 64 | Q66: 22
A67: 65 | B67: Lenda 2 tema 65 | C67: Detyre shtepie 65 | D67: faqe 65 | E67: Situata 65 | F67: Metodologjia 65 | G67: Vleresimi 65 | H67: Burimi 65 | I67: Rezultati 65 | J67: Fjale Kyce 65 | K67: Lidhja me fushat e tjera 65 | L67: =A67 -> 65 | M67: =B67 -> Lenda 2 tema 65 | N67: Organizimi 65 | O67: Detyre shtepie 1: | P67: Kompetenca 65
A68: 66 | B68: Lenda 2 tema 66 | C68: Detyre shtepie 66 | D68: faqe 66 | E68: Situata 66 | F68: Metodologjia 66 | G68: Vleresimi 66 | H68: Burimi 66 | I68: Rezultati 66 | J68: Fjale Kyce 66 | K68: Lidhja me fushat e tjera 66 | L68: =A68 -> 66 | M68: =B68 -> Lenda 2 tema 66 | N68: Organizimi 66 | O68: Detyre shtepie 1: | P68: Kompetenca 66
A69: 67 | B69: Lenda 2 tema 67 | C69: Detyre shtepie 67 | D69: faqe 67 | E69: Situata 67 | F69: Metodologjia 67 | G69: Vleresimi 67 | H69: Burimi 67 | I69: Rezultati 67 | J69: Fjale Kyce 67 | K69: Lidhja me fushat e tjera 67 | L69: =A69 -> 67 | M69: =B69 -> Lenda 2 tema 67 | N69: Organizimi 67 | O69: Detyre shtepie 1: | P69: Kompetenca 67 | Q69: 23
A70: 68 | B70: Lenda 2 tema 68 | C70: Detyre shtepie 68 | D70: faqe 68 | E70: Situata 68 | F70: Metodologjia 68 | G70: Vleresimi 68 | H70: Burimi 68 | I70: Rezultati 68 | J70: Fjale Kyce 68 | K70: Lidhja me fushat e tjera 68 | L70: =A70 -> 68 | M70: =B70 -> Lenda 2 tema 68 | N70: Organizimi 68 | O70: Detyre shtepie 1: | P70: Kompetenca 68
A71: 69 | B71: Lenda 2 tema 69 | C71: Detyre shtepie 69 | D71: faqe 69 | E71: Situata 69 | F71: Metodologjia 69 | G71: Vleresimi 69 | H71: Burimi 69 | I71: Rezultati 69 | J71: Fjale Kyce 69 | K71: Lidhja me fushat e tjera 69 | L71: =A71 -> 69 | M71: =B71 -> Lenda 2 tema 69 | N71: Organizimi 69 | O71: Detyre shtepie 1: | P71: Kompetenca 69
A72: 70 | B72: Lenda 2 tema 70 | C72: Detyre shtepie 70 | D72: faqe 70 | E72: Situata 70 | F72: Metodologjia 70 | G72: Vleresimi 70 | H72: Burimi 70 | I72: Rezultati 70 | J72: Fjale Kyce 70 | K72: Lidhja me fushat e tjera 70 | L72: 48 | M72: Perseritje – Test Njohurish | N72: Organizimi 70 | O72: Detyre shtepie 1: | P72: Kompetenca 70 | Q72: 24
A73: 71 | B73: Lenda 2 tema 71 | C73: Detyre shtepie 71 | D73: faqe 71 | E73: Situata 71 | F73: Metodologjia 71 | G73: Vleresimi 71 | H73: Burimi 71 | I73: Rezultati 71 | J73: Fjale Kyce 71 | K73: Lidhja me fushat e tjera 71 | L73: =A73 -> 71 | M73: =B73 -> Lenda 2 tema 71 | N73: Organizimi 71 | O73: Detyre shtepie 1: | P73: Kompetenca 71
A74: 72 | B74: Lenda 2 tema 72 | C74: Detyre shtepie 72 | D74: faqe 72 | E74: Situata 72 | F74: Metodologjia 72 | G74: Vleresimi 72 | H74: Burimi 72 | I74: Rezultati 72 | J74: Fjale Kyce 72 | K74: Lidhja me fushat e tjera 72 | L74: =A74 -> 72 | M74: =B74 -> Lenda 2 tema 72 | N74: Organizimi 72 | O74: Detyre shtepie 1: | P74: Kompetenca 72
A75: 73 | B75: Lenda 2 tema 73 | C75: Detyre shtepie 73 | D75: faqe 73 | E75: Situata 73 | F75: Metodologjia 73 | G75: Vleresimi 73 | H75: Burimi 73 | I75: Rezultati 73 | J75: Fjale Kyce 73 | K75: Lidhja me fushat e tjera 73 | L75: =A75 -> 73 | M75: =B75 -> Lenda 2 tema 73 | N75: Organizimi 73 | O75: Detyre shtepie 1: | P75: Kompetenca 73 | Q75: 25
A76: 74 | B76: Lenda 2 tema 74 | C76: Detyre shtepie 74 | D76: faqe 74 | E76: Situata 74 | F76: Metodologjia 74 | G76: Vleresimi 74 | H76: Burimi 74 | I76: Rezultati 74 | J76: Fjale Kyce 74 | K76: Lidhja me fushat e tjera 74 | L76: =A76 -> 74 | M76: =B76 -> Lenda 2 tema 74 | N76: Organizimi 74 | O76: Detyre shtepie 1: | P76: Kompetenca 74
A77: 75 | B77: Lenda 2 tema 75 | C77: Detyre shtepie 75 | D77: faqe 75 | E77: Situata 75 | F77: Metodologjia 75 | G77: Vleresimi 75 | H77: Burimi 75 | I77: Rezultati 75 | J77: Fjale Kyce 75 | K77: Lidhja me fushat e tjera 75 | L77: =A77 -> 75 | M77: =B77 -> Lenda 2 tema 75 | N77: Organizimi 75 | O77: Detyre shtepie 1: | P77: Kompetenca 75
A78: 76 | B78: Lenda 2 tema 76 | C78: Detyre shtepie 76 | D78: faqe 76 | E78: Situata 76 | F78: Metodologjia 76 | G78: Vleresimi 76 | H78: Burimi 76 | I78: Rezultati 76 | J78: Fjale Kyce 76 | K78: Lidhja me fushat e tjera 76 | L78: =A78 -> 76 | M78: =B78 -> Lenda 2 tema 76 | N78: Organizimi 76 | O78: Detyre shtepie 1: | P78: Kompetenca 76 | Q78: 26
A79: 77 | B79: Lenda 2 tema 77 | C79: Detyre shtepie 77 | D79: faqe 77 | E79: Situata 77 | F79: Metodologjia 77 | G79: Vleresimi 77 | H79: Burimi 77 | I79: Rezultati 77 | J79: Fjale Kyce 77 | K79: Lidhja me fushat e tjera 77 | L79: =A79 -> 77 | M79: =B79 -> Lenda 2 tema 77 | N79: Organizimi 77 | O79: Detyre shtepie 1: | P79: Kompetenca 77
A80: 78 | B80: Lenda 2 tema 78 | C80: Detyre shtepie 78 | D80: faqe 78 | E80: Situata 78 | F80: Metodologjia 78 | G80: Vleresimi 78 | H80: Burimi 78 | I80: Rezultati 78 | J80: Fjale Kyce 78 | K80: Lidhja me fushat e tjera 78 | L80: =A80 -> 78 | M80: =B80 -> Lenda 2 tema 78 | N80: Organizimi 78 | O80: Detyre shtepie 1: | P80: Kompetenca 78
A81: 79 | B81: Lenda 2 tema 79 | C81: Detyre shtepie 79 | D81: faqe 79 | E81: Situata 79 | F81: Metodologjia 79 | G81: Vleresimi 79 | H81: Burimi 79 | I81: Rezultati 79 | J81: Fjale Kyce 79 | K81: Lidhja me fushat e tjera 79 | L81: =A81 -> 79 | M81: =B81 -> Lenda 2 tema 79 | N81: Organizimi 79 | O81: Detyre shtepie 1: | P81: Kompetenca 79 | Q81: 27
A82: 80 | B82: Lenda 2 tema 80 | C82: Detyre shtepie 80 | D82: faqe 80 | E82: Situata 80 | F82: Metodologjia 80 | G82: Vleresimi 80 | H82: Burimi 80 | I82: Rezultati 80 | J82: Fjale Kyce 80 | K82: Lidhja me fushat e tjera 80 | L82: =A82 -> 80 | M82: =B82 -> Lenda 2 tema 80 | N82: Organizimi 80 | O82: Detyre shtepie 1: | P82: Kompetenca 80
A83: 81 | B83: Lenda 2 tema 81 | C83: Detyre shtepie 81 | D83: faqe 81 | E83: Situata 81 | F83: Metodologjia 81 | G83: Vleresimi 81 | H83: Burimi 81 | I83: Rezultati 81 | J83: Fjale Kyce 81 | K83: Lidhja me fushat e tjera 81 | L83: =A83 -> 81 | M83: =B83 -> Lenda 2 tema 81 | N83: Organizimi 81 | O83: Detyre shtepie 1: | P83: Kompetenca 81
A84: 82 | B84: Lenda 2 tema 82 | C84: Detyre shtepie 82 | D84: faqe 82 | E84: Situata 82 | F84: Metodologjia 82 | G84: Vleresimi 82 | H84: Burimi 82 | I84: Rezultati 82 | J84: Fjale Kyce 82 | K84: Lidhja me fushat e tjera 82 | L84: =A84 -> 82 | M84: =B84 -> Lenda 2 tema 82 | N84: Organizimi 82 | O84: Detyre shtepie 1: | P84: Kompetenca 82 | Q84: 28
A85: 83 | B85: Lenda 2 tema 83 | C85: Detyre shtepie 83 | D85: faqe 83 | E85: Situata 83 | F85: Metodologjia 83 | G85: Vleresimi 83 | H85: Burimi 83 | I85: Rezultati 83 | J85: Fjale Kyce 83 | K85: Lidhja me fushat e tjera 83 | L85: =A85 -> 83 | M85: =B85 -> Lenda 2 tema 83 | N85: Organizimi 83 | O85: Detyre shtepie 1: | P85: Kompetenca 83
A86: 84 | B86: Lenda 2 tema 84 | C86: Detyre shtepie 84 | D86: faqe 84 | E86: Situata 84 | F86: Metodologjia 84 | G86: Vleresimi 84 | H86: Burimi 84 | I86: Rezultati 84 | J86: Fjale Kyce 84 | K86: Lidhja me fushat e tjera 84 | L86: =A86 -> 84 | M86: =B86 -> Lenda 2 tema 84 | N86: Organizimi 84 | O86: Detyre shtepie 1: | P86: Kompetenca 84
A87: 85 | B87: Lenda 2 tema 85 | C87: Detyre shtepie 85 | D87: faqe 85 | E87: Situata 85 | F87: Metodologjia 85 | G87: Vleresimi 85 | H87: Burimi 85 | I87: Rezultati 85 | J87: Fjale Kyce 85 | K87: Lidhja me fushat e tjera 85 | L87: =A87 -> 85 | M87: =B87 -> Lenda 2 tema 85 | N87: Organizimi 85 | O87: Detyre shtepie 1: | P87: Kompetenca 85 | Q87: 29
A88: 86 | B88: Lenda 2 tema 86 | C88: Detyre shtepie 86 | D88: faqe 86 | E88: Situata 86 | F88: Metodologjia 86 | G88: Vleresimi 86 | H88: Burimi 86 | I88: Rezultati 86 | J88: Fjale Kyce 86 | K88: Lidhja me fushat e tjera 86 | L88: =A88 -> 86 | M88: =B88 -> Lenda 2 tema 86 | N88: Organizimi 86 | O88: Detyre shtepie 1: | P88: Kompetenca 86
A89: 87 | B89: Lenda 2 tema 87 | C89: Detyre shtepie 87 | D89: faqe 87 | E89: Situata 87 | F89: Metodologjia 87 | G89: Vleresimi 87 | H89: Burimi 87 | I89: Rezultati 87 | J89: Fjale Kyce 87 | K89: Lidhja me fushat e tjera 87 | L89: =A89 -> 87 | M89: =B89 -> Lenda 2 tema 87 | N89: Organizimi 87 | O89: Detyre shtepie 1: | P89: Kompetenca 87
A90: 88 | B90: Lenda 2 tema 88 | C90: Detyre shtepie 88 | D90: faqe 88 | E90: Situata 88 | F90: Metodologjia 88 | G90: Vleresimi 88 | H90: Burimi 88 | I90: Rezultati 88 | J90: Fjale Kyce 88 | K90: Lidhja me fushat e tjera 88 | L90: =A90 -> 88 | M90: =B90 -> Lenda 2 tema 88 | N90: Organizimi 88 | O90: Detyre shtepie 1: | P90: Kompetenca 88 | Q90: 30
A91: 89 | B91: Lenda 2 tema 89 | C91: Detyre shtepie 89 | D91: faqe 89 | E91: Situata 89 | F91: Metodologjia 89 | G91: Vleresimi 89 | H91: Burimi 89 | I91: Rezultati 89 | J91: Fjale Kyce 89 | K91: Lidhja me fushat e tjera 89 | L91: =A91 -> 89 | M91: =B91 -> Lenda 2 tema 89 | N91: Organizimi 89 | O91: Detyre shtepie 1: | P91: Kompetenca 89
A92: 90 | B92: Lenda 2 tema 90 | C92: Detyre shtepie 90 | D92: faqe 90 | E92: Situata 90 | F92: Metodologjia 90 | G92: Vleresimi 90 | H92: Burimi 90 | I92: Rezultati 90 | J92: Fjale Kyce 90 | K92: Lidhja me fushat e tjera 90 | L92: =A92 -> 90 | M92: =B92 -> Lenda 2 tema 90 | N92: Organizimi 90 | O92: Detyre shtepie 1: | P92: Kompetenca 90
A93: 91 | B93: Lenda 2 tema 91 | C93: Detyre shtepie 91 | D93: faqe 91 | E93: Situata 91 | F93: Metodologjia 91 | G93: Vleresimi 91 | H93: Burimi 91 | I93: Rezultati 91 | J93: Fjale Kyce 91 | K93: Lidhja me fushat e tjera 91 | L93: =A93 -> 91 | M93: =B93 -> Lenda 2 tema 91 | N93: Organizimi 91 | O93: Detyre shtepie 1: | P93: Kompetenca 91 | Q93: 31
A94: 92 | B94: Lenda 2 tema 92 | C94: Detyre shtepie 92 | D94: faqe 92 | E94: Situata 92 | F94: Metodologjia 92 | G94: Vleresimi 92 | H94: Burimi 92 | I94: Rezultati 92 | J94: Fjale Kyce 92 | K94: Lidhja me fushat e tjera 92 | L94: =A94 -> 92 | M94: =B94 -> Lenda 2 tema 92 | N94: Organizimi 92 | O94: Detyre shtepie 1: | P94: Kompetenca 92
A95: 93 | B95: Lenda 2 tema 93 | C95: Detyre shtepie 93 | D95: faqe 93 | E95: Situata 93 | F95: Metodologjia 93 | G95: Vleresimi 93 | H95: Burimi 93 | I95: Rezultati 93 | J95: Fjale Kyce 93 | K95: Lidhja me fushat e tjera 93 | L95: =A95 -> 93 | M95: =B95 -> Lenda 2 tema 93 | N95: Organizimi 93 | O95: Detyre shtepie 1: | P95: Kompetenca 93
A96: 94 | B96: Lenda 2 tema 94 | C96: Detyre shtepie 94 | D96: faqe 94 | E96: Situata 94 | F96: Metodologjia 94 | G96: Vleresimi 94 | H96: Burimi 94 | I96: Rezultati 94 | J96: Fjale Kyce 94 | K96: Lidhja me fushat e tjera 94 | L96: =A96 -> 94 | M96: =B96 -> Lenda 2 tema 94 | N96: Organizimi 94 | O96: Detyre shtepie 1: | P96: Kompetenca 94 | Q96: 32
A97: 95 | B97: Lenda 2 tema 95 | C97: Detyre shtepie 95 | D97: faqe 95 | E97: Situata 95 | F97: Metodologjia 95 | G97: Vleresimi 95 | H97: Burimi 95 | I97: Rezultati 95 | J97: Fjale Kyce 95 | K97: Lidhja me fushat e tjera 95 | L97: =A97 -> 95 | M97: =B97 -> Lenda 2 tema 95 | N97: Organizimi 95 | O97: Detyre shtepie 1: | P97: Kompetenca 95
A98: 96 | B98: Lenda 2 tema 96 | C98: Detyre shtepie 96 | D98: faqe 96 | E98: Situata 96 | F98: Metodologjia 96 | G98: Vleresimi 96 | H98: Burimi 96 | I98: Rezultati 96 | J98: Fjale Kyce 96 | K98: Lidhja me fushat e tjera 96 | L98: =A98 -> 96 | M98: =B98 -> Lenda 2 tema 96 | N98: Organizimi 96 | O98: Detyre shtepie 1: | P98: Kompetenca 96
A99: 97 | B99: Lenda 2 tema 97 | C99: Detyre shtepie 97 | D99: faqe 97 | E99: Situata 97 | F99: Metodologjia 97 | G99: Vleresimi 97 | H99: Burimi 97 | I99: Rezultati 97 | J99: Fjale Kyce 97 | K99: Lidhja me fushat e tjera 97 | L99: =A99 -> 97 | M99: =B99 -> Lenda 2 tema 97 | N99: Organizimi 97 | O99: Detyre shtepie 1: | P99: Kompetenca 97 | Q99: 33
A100: 98 | B100: Lenda 2 tema 98 | C100: Detyre shtepie 98 | D100: faqe 98 | E100: Situata 98 | F100: Metodologjia 98 | G100: Vleresimi 98 | H100: Burimi 98 | I100: Rezultati 98 | J100: Fjale Kyce 98 | K100: Lidhja me fushat e tjera 98 | L100: =A100 -> 98 | M100: =B100 -> Lenda 2 tema 98 | N100: Organizimi 98 | O100: Detyre shtepie 1: | P100: Kompetenca 98
...

Sheet Oret pushim 
A7: Klasa | B7: III3 | C7: III4 | D7: III5 | E7: III6 | F7: III7 | G7: III8 | H7: IV6 | I7: IV7 | J7: III8 | K7: Data | L7: Java
A8: Ore mbrapa | B8: =SUM(B12:B31) -> 0 | C8: =SUM(C12:C31) -> 0 | D8: =SUM(D12:D31) -> 0 | E8: =SUM(E12:E31) -> 0 | F8: =SUM(F12:F31) -> 0 | G8: =SUM(G12:G31) -> 0 | H8: =SUM(H12:H31) -> 0 | I8: =SUM(I12:I31) -> 0 | J8: =SUM(J12:J31) -> 0 | K8: 45908 | L8: 1
K9: 45909
K10: 45910
A11: Pushimet: | K11: 45911
A12: Dita e pare kujdestari | K12: 45912
K13: 45913
K14: 45914
K15: 45915 | L15: 2
K16: 45916
K17: 45917
K18: 45918
K19: 45919
K20: 45920
K21: 45921
K22: 45922 | L22: 3
K23: 45923
K24: 45924
K25: 45925
K26: 45926
K27: 45927
K28: 45928
K29: 45929 | L29: 4
K30: 45930
K31: 45931
K32: 45932
A33: ORARI I MESIMEVE | K33: 45933
A34: Ditet Oret | B34: E HENE | C34: E MARTE | D34: E MERKURE | E34: E ENJTE | F34: E PREMTE | K34: 45934
A35: 1 - 08:00 - 08:45 | K35: 45935
A36: 2 - 08:50 - 09:35 | D36: C++ 3-3 | E36: C++ 3-7 | K36: 45936 | L36: 5
A37: 3 - 09:40 - 10:25 | D37: JAVA 4-7 | E37: C++ 3-3 | F37: C++ 3-6 | K37: 45937
A38: 4 - 10:50 - 11:35 | C38: C++ 3-5 | D38: JAVA 4-7 | E38: C++ 3-3 | F38: C++ 3-6 | K38: 45938
A39: 5 - 11:40 - 12:25 | B39: C++ 3-6 | C39: C++ 3-5 | D39: C++ 3-8 | E39: C++ 3-4 | F39: C++ 3-5 | K39: 45939
A40: 6 - 12:30 - 13:15 | B40: JAVA 4-7 | C40: C++ 3-7 | D40: C++ 3-8 | E40: C++ 3-4 | F40: C++ 3-8 | K40: 45940
A41: 7 - 13:20 - 14:05 | B41: C++ 3-4 | C41: C++ 3-7 | K41: 45941
K42: 45942
K43: 45943 | L43: 6
K44: 45944
K45: 45945
K46: 45946
K47: 45947
K48: 45948
K49: 45949
K50: 45950 | L50: 7
K51: 45951
K52: 45952
K53: 45953
K54: 45954
K55: 45955
K56: 45956
K57: 45957 | L57: 8
K58: 45958
K59: 45959
K60: 45960
K61: 45961
K62: 45962
K63: 45963
K64: 45964 | L64: 9
K65: 45965
K66: 45966
K67: 45967
K68: 45968
K69: 45969
K70: 45970
K71: 45971 | L71: 10
K72: 45972
K73: 45973
K74: 45974
K75: 45975
K76: 45976
K77: 45977
K78: 45978 | L78: 11
K79: 45979
K80: 45980
K81: 45981
K82: 45982
K83: 45983
K84: 45984
K85: 45985 | L85: 12
K86: 45986
K87: 45987
K88: 45988
K89: 45989
K90: 45990
K91: 45991
K92: 45992 | L92: 13
K93: 45993
K94: 45994
K95: 45995
K96: 45996
K97: 45997
K98: 45998
K99: 45999 | L99: 14
K100: 46000
K101: 46001
K102: 46002
K103: 46003
K104: 46004
K105: 46005
K106: 46006 | L106: 15
...

Sheet Ditari javor
A1: JAVA | B1: =VLOOKUP(E1,'Oret pushim '!K8:L294,2,FALSE) -> 8 | C1: E HENE | E1: 45957
A2: ora 1, 2, 3, 4 pushim
A3: Klasa | C3: III6 ora 5
A4: Tema | B4: =(B1-1)*3+1-'Oret pushim '!E8 -> 22 | C4: =VLOOKUP(B4,'C++ viti III'!A2:C110,2,FALSE) -> Lenda1 Tema22
C5: Shih permbajtjen bashkengjitur
A6: Klasa | C6: IV7 ora 6
A7: Tema | B7: =(B1-1)*3+1-'Oret pushim '!I8 -> 22 | C7: =VLOOKUP(B7,'JAVA viti IV'!A3:D126,2,FALSE) -> Lenda 2 tema 22
C8: Shih permbajtjen bashkengjitur
A9: Klasa | C9: III4 ora 7
A10: Tema | B10: =(B1-1)*3+1-'Oret pushim '!C8 -> 22 | C10: =VLOOKUP(B10,'C++ viti III'!A2:C110,2,FALSE) -> Lenda1 Tema22
C11: Shih permbajtjen bashkengjitur
C13: E MARTE | E13: =E1+1 -> 45958
A14: ora 1, 2 ,3 pushim
A15: Klasa | C15: III5 ora 4+5
A16: Tema | B16: =(B1-1)*3+1-'Oret pushim '!D8 -> 22 | C16: =VLOOKUP(B16,'C++ viti III'!A3:C110,2,FALSE) -> Lenda1 Tema22
C17: Shih permbajtjen e klases: | D17: III6 dt: | E17: =$E$1 -> 45957
A18: Tema | B18: =B16+1 -> 23 | C18: =VLOOKUP(B18,'C++ viti III'!A3:C110,2,FALSE) -> Lenda1 Tema23
C19: Shih permbajtjen bashkengjitur
A20: Klasa | C20: III7 ora 6+7
A21: Tema | B21: =(B1-1)*3+1-'Oret pushim '!F8 -> 22 | C21: =VLOOKUP(B21,'C++ viti III'!A2:C110,2,FALSE) -> Lenda1 Tema22
C22: Shih permbajtjen e klases: | D22: III6 dt: | E22: =$E$1 -> 45957
A23: Tema | B23: =B21+1 -> 23 | C23: =VLOOKUP(B23,'C++ viti III'!A2:C110,2,FALSE) -> Lenda1 Tema23
C24: Shih permbajtjen bashkengjitur
C26: E MERKURE | E26: =E1+2 -> 45959
A27: ora 1 pushim
A28: Klasa | C28: III3 ora 2
A29: Tema | B29: =(B1-1)*3+1-'Oret pushim '!B8 -> 22 | C29: =VLOOKUP(B29,'C++ viti III'!A2:C110,2,FALSE) -> Lenda1 Tema22
C30: Shih permbajtjen e klases: | D30: =$D$22 -> III6 dt: | E30: =$E$22 -> 45957
A31: Klasa | C31: IV7 ora 3+4
A32: Tema | B32: =B7+1 -> 23 | C32: =VLOOKUP(B32,'JAVA viti IV'!A3:D126,2,FALSE) -> Lenda 2 tema 23
C33: Shih permbajtjen bashkengjitur
A34: Tema | B34: =B32+1 -> 24 | C34: =VLOOKUP(B34,'JAVA viti IV'!A3:D126,2,FALSE) -> Lenda 2 tema 24
C35: Shih permbajtjen bashkengjitur
A36: Klasa | C36: III8 ora 5+6
A37: Tema | B37: =(B1-1)*3+1-'Oret pushim '!G8 -> 22 | C37: =VLOOKUP(B37,'C++ viti III'!A2:C110,2,FALSE) -> Lenda1 Tema22
C38: Shih permbajtjen e klases: | D38: =$D$22 -> III6 dt: | E38: =$E$22 -> 45957
A39: Tema | B39: =B37+1 -> 23 | C39: =VLOOKUP(B39,'C++ viti III'!A2:C110,2,FALSE) -> Lenda1 Tema23
C40: Shih permbajtjen e klases: | D40: III5 dt: | E40: =$E$13 -> 45958
A41: ora 7 pushim
C43: E ENJTE | E43: =E1+3 -> 45960
A44: ora 1 pushim
A45: Klasa | C45: III7 ora 2
A46: Tema | B46: =B23+1 -> 24 | C46: =VLOOKUP(B46,'C++ viti III'!A2:C110,2,FALSE) -> Lenda1 Tema24
C47: Shih permbajtjen bashkengjitur
A48: Klasa | C48: III3 ora 3+4
A49: Tema | B49: =B29+1 -> 23 | C49: =VLOOKUP(B49,'C++ viti III'!A2:C110,2,FALSE) -> Lenda1 Tema23
C50: Shih permbajtjen e klases: | D50: III5 dt: | E50: =$E$13 -> 45958
A51: Tema | B51: =B49+1 -> 24 | C51: =VLOOKUP(B51,'C++ viti III'!A2:C110,2,FALSE) -> Lenda1 Tema24
C52: Shih permbajtjen bashkengjitur
A53: Klasa | C53: III4 ora 5+6
A54: Tema | B54: =B10+1 -> 23 | C54: =VLOOKUP(B54,'C++ viti III'!A2:C110,2,FALSE) -> Lenda1 Tema23
C55: Shih permbajtjen e klases: | D55: III5 dt: | E55: =$E$13 -> 45958
A56: Tema | B56: =B54+1 -> 24 | C56: =VLOOKUP(B56,'C++ viti III'!A2:C110,2,FALSE) -> Lenda1 Tema24
C57: Shih permbajtjen bashkengjitur | D57: =$C$45 -> III7 ora 2
A58: ora 7 pushim
C61: E PREMTE | E61: =E1+4 -> 45961
A62: ora 1+2 pushim
A63: Klasa | C63: III6 ora 3+4
A64: Tema | B64: =B4+1 -> 23 | C64: =VLOOKUP(B64,'C++ viti III'!A3:C110,2,FALSE) -> Lenda1 Tema23
C65: Shih permbajtjen e klases: | D65: III5 dt: | E65: =$E$13 -> 45958
A66: Tema | B66: =B64+1 -> 24 | C66: =VLOOKUP(B66,'C++ viti III'!A3:C110,2,FALSE) -> Lenda1 Tema24
C67: Shih permbajtjen e klases: | D67: III7 dt: | E67: =$E$43 -> 45960
A68: Klasa | C68: III5 ora 5
A69: Tema | B69: =B18+1 -> 24 | C69: =VLOOKUP(B69,'C++ viti III'!A2:C110,2,FALSE) -> Lenda1 Tema24
C70: Shih permbajtjen e klases: | D70: =D67 -> III7 dt: | E70: =$E$43 -> 45960
A71: Klasa | C71: III8 ora 6
A72: Tema | B72: =B39+1 -> 24 | C72: Shih permbajtjen e klases: | D72: =D67 -> III7 dt: | E72: =$E$43 -> 45960
A73: ora 7 pushim

Sheet Ditari C++
A1: Fusha: | B1: Programim | C1: Lënda: | D1: C++ | E1: Shkalla: V | F1: Klasa | G1: III
A2: Tema mësimore: | C2: 15 | E2: Situata e të nxënit:
A3: =VLOOKUP(C2,'C++ viti III'!A2:P110,2,FALSE) -> Lenda1 Tema15 | E3: =VLOOKUP(C2,'C++ viti III'!A2:P110,5,FALSE) -> Situata 15
A4: Rezultatet e të nxënit sipas kompetencave kyç: | E4: Fjalët kyç: | F4: =VLOOKUP(C2,'C++ viti III'!A2:P110,10,FALSE) -> Fjale Kyce 15
A5: =VLOOKUP(C2,'C++ viti III'!A2:P110,9,FALSE) -> Rezultati 15 | E5: Lidhja me fusha të tjera ose me temat ndërkurrikulare:
E6: =VLOOKUP(C2,'C++ viti III'!A2:P110,11,FALSE) -> Lidhja me fushat e tjera 15
A7: Burimet: | E7: Metodologjia dhe veprimtaritë e nxënësve:
A8: =VLOOKUP(C2,'C++ viti III'!A2:P110,8,FALSE) -> Burimi 15 | E8: =VLOOKUP(C2,'C++ viti III'!A2:P110,6,FALSE) -> Metodologjia 15
A9: Organizimi i orës së mësimit:
A10: =VLOOKUP(C2,'C++ viti III'!A2:P110,14,FALSE) -> Organizimi 15
A11: Kompetencat që përfitojnë: | D11: =VLOOKUP(C2,'C++ viti III'!A2:P110,16,FALSE) -> Kompetenca 15
A12: Vlerësimi: | C12: =VLOOKUP(C2,'C++ viti III'!A2:P110,7,FALSE) -> Vleresimi 15
A13: Detyrat dhe puna e pavarur: | F13: Detyre shtepie:
A14: =VLOOKUP(C2,'C++ viti III'!A2:P110,15,FALSE) -> Detyre shtepie 1: | F14: =VLOOKUP(C2,'C++ viti III'!A2:P110,3,FALSE) -> Detyre shtepie 15

Sheet Ditari JAVA
A1: Fusha: | B1: Programim | C1: Lënda: | D1: JAVA | E1: Shkalla: V | F1: Klasa | G1: IV
A2: Tema mësimore: | C2: 44 | E2: Situata e të nxënit:
A3: =VLOOKUP(C2,'JAVA viti IV'!A3:P126,2,FALSE) -> Lenda 2 tema 44 | E3: =VLOOKUP(C2,'JAVA viti IV'!A3:P126,5,FALSE) -> Situata 44
A4: Rezultatet e të nxënit sipas kompetencave kyç: | E4: Fjalët kyç: | F4: =VLOOKUP(C2,'JAVA viti IV'!A3:P126,10,FALSE) -> Fjale Kyce 44
A5: =VLOOKUP(C2,'JAVA viti IV'!A3:P126,9,FALSE) -> Rezultati 44 | E5: Lidhja me fusha të tjera ose me temat ndërkurrikulare:
E6: =VLOOKUP(C2,'JAVA viti IV'!A3:P126,11,FALSE) -> Lidhja me fushat e tjera 44
A7: Burimet: | E7: Metodologjia dhe veprimtaritë e nxënësve:
A8: =VLOOKUP(C2,'JAVA viti IV'!A3:P126,8,FALSE) -> Burimi 44 | E8: =VLOOKUP(C2,'JAVA viti IV'!A3:P126,6,FALSE) -> Metodologjia 44
A9: Organizimi i orës së mësimit:
A10: =VLOOKUP(C2,'JAVA viti IV'!A3:P126,14,FALSE) -> Organizimi 44
A11: Kompetencat që përfitojnë: | D11: =VLOOKUP(C2,'JAVA viti IV'!A3:P126,16,FALSE) -> Kompetenca 44
A12: Vlerësimi: | C12: =VLOOKUP(C2,'JAVA viti IV'!A3:P126,7,FALSE) -> Vleresimi 44
A13: Detyrat dhe puna e pavarur: | F13: Detyre shtepie:
A14: =VLOOKUP(C2,'JAVA viti IV'!A3:P126,15,FALSE) -> Detyre shtepie 1: | F14: =VLOOKUP(C2,'JAVA viti IV'!A3:P126,3,FALSE) -> Detyre shtepie 44
